City,State,Country,Region,Market,Postal Code
New York City,New York,United States,East,US,10024.0
Wollongong,New South Wales,Australia,Oceania,APAC,
Brisbane,Queensland,Australia,Oceania,APAC,
Berlin,Berlin,Germany,Central,EU,
Dakar,Dakar,Senegal,Africa,Africa,
Sydney,New South Wales,Australia,Oceania,APAC,
Porirua,Wellington,New Zealand,Oceania,APAC,
Hamilton,Waikato,New Zealand,Oceania,APAC,
Sacramento,California,United States,West,US,95823.0
Concord,North Carolina,United States,South,US,28027.0
Alexandria,Virginia,United States,South,US,22304.0
Kabul,Kabul,Afghanistan,Central Asia,APAC,
Jizan,Jizan,Saudi Arabia,EMEA,EMEA,
Toledo,Parana,Brazil,South,LATAM,
Mudanjiang,Heilongjiang,China,North Asia,APAC,
Paris,Ile-de-France,France,Central,EU,
Henderson,Kentucky,United States,South,US,42420.0
Prato,Tuscany,Italy,South,EU,
Townsville,Queensland,Australia,Oceania,APAC,
Uvinza,Kigoma,Tanzania,Africa,Africa,
Bytom,Silesia,Poland,EMEA,EMEA,
Chicago,Illinois,United States,Central,US,60610.0
Suzhou,Anhui,China,North Asia,APAC,
Edinburgh,Scotland,United Kingdom,North,EU,
Juárez,Chihuahua,Mexico,North,LATAM,
Soyapango,San Salvador,El Salvador,Central,LATAM,
Taipei,Taipei City,Taiwan,North Asia,APAC,
Leipzig,Saxony,Germany,Central,EU,
Los Angeles,California,United States,West,US,90008.0
Surat,Gujarat,India,Central Asia,APAC,
Santo Domingo,Santo Domingo,Dominican Republic,Caribbean,LATAM,
Saint-Brieuc,Brittany,France,Central,EU,
Amarillo,Texas,United States,Central,US,79109.0
Gold Coast,Queensland,Australia,Oceania,APAC,
Fresno,California,United States,West,US,93727.0
Kamina,Katanga,Democratic Republic of the Congo,Africa,Africa,
New York City,New York,United States,East,US,10009.0
Burlington,North Carolina,United States,South,US,27217.0
Stockton-on-Tees,England,United Kingdom,North,EU,
Mataram,Nusa Tenggara Barat,Indonesia,Southeast Asia,APAC,
Gorakhpur,Haryana,India,Central Asia,APAC,
Thiruvananthapuram,Kerala,India,Central Asia,APAC,
Huddersfield,England,United Kingdom,North,EU,
Minneapolis,Minnesota,United States,Central,US,55407.0
Montreuil,Ile-de-France,France,Central,EU,
Shouguang,Shandong,China,North Asia,APAC,
Jamshedpur,Jharkhand,India,Central Asia,APAC,
Paysandú,Paysandú,Uruguay,South,LATAM,
Behshahr,Mazandaran,Iran,EMEA,EMEA,
Huntington Beach,California,United States,West,US,92646.0
Maputo,Cidade De Maputo,Mozambique,Africa,Africa,
Bhopal,Madhya Pradesh,India,Central Asia,APAC,
Seattle,Washington,United States,West,US,98115.0
Delhi,Delhi,India,Central Asia,APAC,
Geraldton,Western Australia,Australia,Oceania,APAC,
Tallahassee,Florida,United States,South,US,32303.0
Dhaka,Dhaka,Bangladesh,Central Asia,APAC,
Munster,Lower Saxony,Germany,Central,EU,
Celle,Lower Saxony,Germany,Central,EU,
Wuxi,Jiangsu,China,North Asia,APAC,
Richmond,Virginia,United States,South,US,23223.0
Seville,Andalusía,Spain,South,EU,
Raipur,Uttarakhand,India,Central Asia,APAC,
Gómez Palacio,Durango,Mexico,North,LATAM,
Kharkiv,Kharkiv,Ukraine,EMEA,EMEA,
Jinan,Shandong,China,North Asia,APAC,
Chinandega,Chinandega,Nicaragua,Central,LATAM,
Kananga,Kasai-Occidental,Democratic Republic of the Congo,Africa,Africa,
Palembang,Sumatera Selatan,Indonesia,Southeast Asia,APAC,
London,England,United Kingdom,North,EU,
Melbourne,Victoria,Australia,Oceania,APAC,
Atlanta,Georgia,United States,South,US,30318.0
Duisburg,North Rhine-Westphalia,Germany,Central,EU,
Nanchong,Sichuan,China,North Asia,APAC,
Naihati,West Bengal,India,Central Asia,APAC,
Lille,Nord-Pas-de-Calais,France,Central,EU,
Meknes,Meknès-Tafilalet,Morocco,Africa,Africa,
Jackson,Michigan,United States,Central,US,49201.0
Philadelphia,Pennsylvania,United States,East,US,19134.0
Krefeld,North Rhine-Westphalia,Germany,Central,EU,
Bandung,Jawa Barat,Indonesia,Southeast Asia,APAC,
Casablanca,Grand Casablanca,Morocco,Africa,Africa,
Tongi,Dhaka,Bangladesh,Central Asia,APAC,
Henderson,Nevada,United States,West,US,89015.0
Montréal,Quebec,Canada,Canada,Canada,
Manila,National Capital,Philippines,Southeast Asia,APAC,
Newcastle,New South Wales,Australia,Oceania,APAC,
Graz,Styria,Austria,Central,EU,
Nowra,New South Wales,Australia,Oceania,APAC,
Boulogne-Billancourt,Ile-de-France,France,Central,EU,
Malakoff,Ile-de-France,France,Central,EU,
Kinshasa,Kinshasa,Democratic Republic of the Congo,Africa,Africa,
Perth,Western Australia,Australia,Oceania,APAC,
Le Bouscat,Aquitaine,France,Central,EU,
Puebla,Puebla,Mexico,North,LATAM,
Augsburg,Bavaria,Germany,Central,EU,
Nice,Provence-Alpes-Côte d'Azur,France,Central,EU,
Seattle,Washington,United States,West,US,98105.0
Medellín,Antioquia,Colombia,South,LATAM,
Bergen op Zoom,North Brabant,Netherlands,Central,EU,
Lakewood,New Jersey,United States,East,US,8701.0
Hanover,Lower Saxony,Germany,Central,EU,
Vigo,Galicia,Spain,South,EU,
Gaoyou,Jiangsu,China,North Asia,APAC,
Los Angeles,California,United States,West,US,90045.0
Bremen,Bremen,Germany,Central,EU,
Muret,Midi-Pyrénées,France,Central,EU,
Zigong,Sichuan,China,North Asia,APAC,
Adelaide,South Australia,Australia,Oceania,APAC,
Detroit,Michigan,United States,Central,US,48205.0
Chelles,Ile-de-France,France,Central,EU,
Kuantan,Pahang,Malaysia,Southeast Asia,APAC,
Harrisonburg,Virginia,United States,South,US,22801.0
Philadelphia,Pennsylvania,United States,East,US,19120.0
Everett,Massachusetts,United States,East,US,2149.0
Quito,Pichincha,Ecuador,South,LATAM,
Vadodara,Gujarat,India,Central Asia,APAC,
Sanya,Hainan,China,North Asia,APAC,
Bangkok,Bangkok,Thailand,Southeast Asia,APAC,
San Diego,California,United States,West,US,92037.0
Tasikmalaya,Jawa Barat,Indonesia,Southeast Asia,APAC,
Guaymas,Sonora,Mexico,North,LATAM,
Wuhan,Hubei,China,North Asia,APAC,
Madison,Wisconsin,United States,Central,US,53711.0
Salto,São Paulo,Brazil,South,LATAM,
Treviso,Veneto,Italy,South,EU,
Hargeysa,Woqooyi Galbeed,Somalia,Africa,Africa,
Long Beach,California,United States,West,US,90805.0
Yogyakarta,Yogyakarta,Indonesia,Southeast Asia,APAC,
Anshan,Liaoning,China,North Asia,APAC,
New York City,New York,United States,East,US,10035.0
Amsterdam,North Holland,Netherlands,Central,EU,
Le Petit-Quevilly,Upper Normandy,France,Central,EU,
Bochum,North Rhine-Westphalia,Germany,Central,EU,
Hamburg,Hamburg,Germany,Central,EU,
Houston,Texas,United States,Central,US,77036.0
Mixco,Guatemala,Guatemala,Central,LATAM,
Yonkers,New York,United States,East,US,10701.0
Morelia,Michoacán,Mexico,North,LATAM,
Changchun,Jilin,China,North Asia,APAC,
Madrid,Madrid,Spain,South,EU,
Jeddah,Makkah,Saudi Arabia,EMEA,EMEA,
Norman,Oklahoma,United States,Central,US,73071.0
Medan,Sumatera Utara,Indonesia,Southeast Asia,APAC,
Jakarta,Jakarta,Indonesia,Southeast Asia,APAC,
Lancaster,Ohio,United States,East,US,43130.0
Surakarta,Jawa Tengah,Indonesia,Southeast Asia,APAC,
Beijing,Beijing,China,North Asia,APAC,
Tulancingo,Hidalgo,Mexico,North,LATAM,
Brest,Brest,Belarus,EMEA,EMEA,
Valencia,Valenciana,Spain,South,EU,
Charlotte,North Carolina,United States,South,US,28205.0
Zhytomyr,Zhytomyr,Ukraine,EMEA,EMEA,
Argenteuil,Ile-de-France,France,Central,EU,
Talence,Aquitaine,France,Central,EU,
Aurangabad,Bihar,India,Central Asia,APAC,
Plaisir,Ile-de-France,France,Central,EU,
Harrogate,England,United Kingdom,North,EU,
Phnom Penh,Phnom Penh,Cambodia,Southeast Asia,APAC,
Mackay,Queensland,Australia,Oceania,APAC,
North Las Vegas,Nevada,United States,West,US,89031.0
Jambi,Jambi,Indonesia,Southeast Asia,APAC,
Los Angeles,California,United States,West,US,90049.0
Moers,North Rhine-Westphalia,Germany,Central,EU,
Newark,Delaware,United States,East,US,19711.0
Shenzhen,Guangdong,China,North Asia,APAC,
Launceston,Tasmania,Australia,Oceania,APAC,
Marikina,National Capital,Philippines,Southeast Asia,APAC,
Johannesburg,Gauteng,South Africa,Africa,Africa,
Barakaldo,Basque Country,Spain,South,EU,
Providence,Rhode Island,United States,East,US,2908.0
Long Beach,New York,United States,East,US,11561.0
Qingdao,Shandong,China,North Asia,APAC,
San Francisco,California,United States,West,US,94122.0
Shiraz,Fars,Iran,EMEA,EMEA,
Bokaro,Jharkhand,India,Central Asia,APAC,
Fuji,Shizuoka,Japan,North Asia,APAC,
Benidorm,Valenciana,Spain,South,EU,
Kozhikode,Kerala,India,Central Asia,APAC,
Kuala Lumpur,Kuala Lumpur,Malaysia,Southeast Asia,APAC,
Astrakhan',Astrakhan',Russia,EMEA,EMEA,
Columbus,Ohio,United States,East,US,43229.0
Xiangtan,Hunan,China,North Asia,APAC,
Shaoxing,Zhejiang,China,North Asia,APAC,
Jabalpur,Madhya Pradesh,India,Central Asia,APAC,
Patna,Bihar,India,Central Asia,APAC,
La Baule-Escoublac,Pays de la Loire,France,Central,EU,
Dijon,Burgundy,France,Central,EU,
Los Angeles,California,United States,West,US,90032.0
Cape Town,Western Cape,South Africa,Africa,Africa,
Cairo,Al Qahirah,Egypt,Africa,Africa,
West Bromwich,England,United Kingdom,North,EU,
Detroit,Michigan,United States,Central,US,48227.0
Baku,Baki,Azerbaijan,EMEA,EMEA,
Burnley,England,United Kingdom,North,EU,
Laval,Pays de la Loire,France,Central,EU,
Vilnius,Vilnius,Lithuania,EMEA,EMEA,
Buenos Aires,Buenos Aires,Argentina,South,LATAM,
Girga,Suhaj,Egypt,Africa,Africa,
Kochi,Kerala,India,Central Asia,APAC,
Maseru,Maseru,Lesotho,Africa,Africa,
Wellington,Wellington,New Zealand,Oceania,APAC,
Luoyang,Henan,China,North Asia,APAC,
Feira de Santana,Bahia,Brazil,South,LATAM,
Matagalpa,Matagalpa,Nicaragua,Central,LATAM,
Virginia Beach,Virginia,United States,South,US,23464.0
Managua,Managua,Nicaragua,Central,LATAM,
Wuhai,Inner Mongolia,China,North Asia,APAC,
Nantes,Pays de la Loire,France,Central,EU,
Strasbourg,Alsace,France,Central,EU,
Surabaya,Jawa Timur,Indonesia,Southeast Asia,APAC,
Tupã,São Paulo,Brazil,South,LATAM,
Vienna,Vienna,Austria,Central,EU,
Mexico City,Distrito Federal,Mexico,North,LATAM,
Hobart,Tasmania,Australia,Oceania,APAC,
Hirakata,Osaka,Japan,North Asia,APAC,
Preston,England,United Kingdom,North,EU,
Agra,Uttar Pradesh,India,Central Asia,APAC,
Granollers,Catalonia,Spain,South,EU,
Ho Chi Minh City,Ho Chí Minh City,Vietnam,Southeast Asia,APAC,
Camagüey,Camagüey,Cuba,Caribbean,LATAM,
Morristown,New Jersey,United States,East,US,7960.0
Piatra-Neamt,Neamt,Romania,EMEA,EMEA,
Milpa Alta,Distrito Federal,Mexico,North,LATAM,
León,Guanajuato,Mexico,North,LATAM,
San Francisco,California,United States,West,US,94110.0
Izmir,Izmir,Turkey,EMEA,EMEA,
Coyoacán,Distrito Federal,Mexico,North,LATAM,
Manukau City,Auckland,New Zealand,Oceania,APAC,
Yaounde,Centre,Cameroon,Africa,Africa,
Newcastle upon Tyne,England,United Kingdom,North,EU,
Dehra Dun,Uttarakhand,India,Central Asia,APAC,
Santander,Cantabria,Spain,South,EU,
Cangzhou,Hebei,China,North Asia,APAC,
Shanghai,Shanghai,China,North Asia,APAC,
León,León,Nicaragua,Central,LATAM,
Rybinsk,Yaroslavl',Russia,EMEA,EMEA,
Ibiúna,São Paulo,Brazil,South,LATAM,
Canberra,Australian Capital Territory,Australia,Oceania,APAC,
Port Elizabeth,Eastern Cape,South Africa,Africa,Africa,
Newark,Ohio,United States,East,US,43055.0
Cambridge,England,United Kingdom,North,EU,
Kota,Chhattisgarh,India,Central Asia,APAC,
Christchurch,Canterbury,New Zealand,Oceania,APAC,
Vincennes,Ile-de-France,France,Central,EU,
Chongqing,Chongqing,China,North Asia,APAC,
Gyula,Bekes,Hungary,EMEA,EMEA,
Lucknow,Uttar Pradesh,India,Central Asia,APAC,
Florence,Kentucky,United States,South,US,41042.0
Turin,Piedmont,Italy,South,EU,
Springfield,Missouri,United States,Central,US,65807.0
Singapore,Singapore,Singapore,Southeast Asia,APAC,
Benguela,Benguela,Angola,Africa,Africa,
Lafayette,Indiana,United States,Central,US,47905.0
Himeji,Hyogo,Japan,North Asia,APAC,
Kendari,Sulawesi Tenggara,Indonesia,Southeast Asia,APAC,
Mejicanos,San Salvador,El Salvador,Central,LATAM,
Barcelona,Catalonia,Spain,South,EU,
Menton,Provence-Alpes-Côte d'Azur,France,Central,EU,
Huntsville,Alabama,United States,South,US,35810.0
Clermont-Ferrand,Auvergne,France,Central,EU,
Buzau,Buzau,Romania,EMEA,EMEA,
Bayeux,Paraíba,Brazil,South,LATAM,
Columbus,Georgia,United States,South,US,31907.0
San Antonio,Texas,United States,Central,US,78207.0
Darwin,Northern Territory,Australia,Oceania,APAC,
Jamestown,New York,United States,East,US,14701.0
Bayeux,Lower Normandy,France,Central,EU,
Lens,Nord-Pas-de-Calais,France,Central,EU,
Lannion,Brittany,France,Central,EU,
Iserlohn,North Rhine-Westphalia,Germany,Central,EU,
Kalemie,Katanga,Democratic Republic of the Congo,Africa,Africa,
Ghent,East Flanders,Belgium,Central,EU,
Indianapolis,Indiana,United States,Central,US,46203.0
Marseille,Provence-Alpes-Côte d'Azur,France,Central,EU,
Lahore,Punjab,Pakistan,Central Asia,APAC,
Grenoble,Rhône-Alpes,France,Central,EU,
Espoo,Uusimaa,Finland,North,EU,
Whyalla,South Australia,Australia,Oceania,APAC,
Ivry-sur-Seine,Ile-de-France,France,Central,EU,
Kanpur,Uttar Pradesh,India,Central Asia,APAC,
Saint-Laurent-du-Var,Provence-Alpes-Côte d'Azur,France,Central,EU,
Cartagena,Bolívar,Colombia,South,LATAM,
Cancún,Quintana Roo,Mexico,North,LATAM,
Harbin,Heilongjiang,China,North Asia,APAC,
Kumasi,Ashanti,Ghana,Africa,Africa,
Salem,Tamil Nadu,India,Central Asia,APAC,
Angers,Pays de la Loire,France,Central,EU,
Khorramabad,Lorestan,Iran,EMEA,EMEA,
Chennai,Tamil Nadu,India,Central Asia,APAC,
Barletta,Apulia,Italy,South,EU,
Tamworth,England,United Kingdom,North,EU,
Kulti,West Bengal,India,Central Asia,APAC,
Le Mans,Pays de la Loire,France,Central,EU,
Mianyang,Sichuan,China,North Asia,APAC,
Cadereyta,Nuevo León,Mexico,North,LATAM,
Bundaberg,Queensland,Australia,Oceania,APAC,
Valparaíso de Goiás,Goiás,Brazil,South,LATAM,
Manado,Sulawesi Utara,Indonesia,Southeast Asia,APAC,
Muzaffarpur,Bihar,India,Central Asia,APAC,
Kermanshah,Kermanshah,Iran,EMEA,EMEA,
Thane,Maharashtra,India,Central Asia,APAC,
Piedecuesta,Santander,Colombia,South,LATAM,
Bangalore,Karnataka,India,Central Asia,APAC,
Xiamen,Fujian,China,North Asia,APAC,
Detroit,Michigan,United States,Central,US,48234.0
Kitwe,Copperbelt,Zambia,Africa,Africa,
Jieyang,Guangdong,China,North Asia,APAC,
Hamamatsu,Shizuoka,Japan,North Asia,APAC,
Ningbo,Zhejiang,China,North Asia,APAC,
Jodhpur,Rajasthan,India,Central Asia,APAC,
Weimar,Thuringia,Germany,Central,EU,
Auckland,Auckland,New Zealand,Oceania,APAC,
Lubumbashi,Katanga,Democratic Republic of the Congo,Africa,Africa,
Franklin,Wisconsin,United States,Central,US,53132.0
Omaha,Nebraska,United States,Central,US,68104.0
Nagpur,Maharashtra,India,Central Asia,APAC,
Villahermosa,Tabasco,Mexico,North,LATAM,
Oyonnax,Rhône-Alpes,France,Central,EU,
Metepec,México,Mexico,North,LATAM,
Santa Ana,California,United States,West,US,92704.0
Antony,Ile-de-France,France,Central,EU,
Culiacán,Sinaloa,Mexico,North,LATAM,
Mobile,Alabama,United States,South,US,36608.0
Al Amarah,Maysan,Iraq,EMEA,EMEA,
Mashhad,Razavi Khorasan,Iran,EMEA,EMEA,
Springfield,Virginia,United States,South,US,22153.0
Bhavnagar,Gujarat,India,Central Asia,APAC,
Rome,Lazio,Italy,South,EU,
Palma de Mallorca,Balearic Islands,Spain,South,EU,
Saint-Priest,Rhône-Alpes,France,Central,EU,
Gyor,Gyor,Hungary,EMEA,EMEA,
Monrovia,Montserrado,Liberia,Africa,Africa,
Santiago de Cuba,Santiago de Cuba,Cuba,Caribbean,LATAM,
Bogotá,Bogota,Colombia,South,LATAM,
Erlangen,Bavaria,Germany,Central,EU,
Tbilisi,Tbilisi,Georgia,EMEA,EMEA,
Jaipur,Rajasthan,India,Central Asia,APAC,
Suzhou,Gansu,China,North Asia,APAC,
Reggio nell'Emilia,Emilia-Romagna,Italy,South,EU,
Azcapotzalco,Distrito Federal,Mexico,North,LATAM,
Lublin,Lublin,Poland,EMEA,EMEA,
Zurich,Zürich,Switzerland,Central,EU,
Elbasan,Elbasan,Albania,EMEA,EMEA,
Voronezh,Voronezh,Russia,EMEA,EMEA,
Shimonoseki,Yamaguchi,Japan,North Asia,APAC,
Palu,Sulawesi Tengah,Indonesia,Southeast Asia,APAC,
Imphal,Manipur,India,Central Asia,APAC,
Shenyang,Liaoning,China,North Asia,APAC,
Bethlehem,Pennsylvania,United States,East,US,18018.0
Koumra,Mandoul,Chad,Africa,Africa,
Ballarat,Victoria,Australia,Oceania,APAC,
Podgorica,Podgorica,Montenegro,EMEA,EMEA,
Ribeirão Preto,São Paulo,Brazil,South,LATAM,
Zapopan,Jalisco,Mexico,North,LATAM,
Guelph,Ontario,Canada,Canada,Canada,
Bellingham,Washington,United States,West,US,98226.0
Bordeaux,Aquitaine,France,Central,EU,
Hamadan,Hamadan,Iran,EMEA,EMEA,
Windhoek,Khomas,Namibia,Africa,Africa,
Eindhoven,North Brabant,Netherlands,Central,EU,
Quetzaltenango,Quezaltenango,Guatemala,Central,LATAM,
Antiguo Cuscatlán,La Libertad,El Salvador,Central,LATAM,
Cranston,Rhode Island,United States,East,US,2920.0
Guantánamo,Guantánamo,Cuba,Caribbean,LATAM,
Bacolod City,Western Visayas,Philippines,Southeast Asia,APAC,
Kwinana,Western Australia,Australia,Oceania,APAC,
Deuil-la-Barre,Ile-de-France,France,Central,EU,
Lafayette,Louisiana,United States,South,US,70506.0
Lisbon,Lisboa,Portugal,South,EU,
Jhansi,Uttar Pradesh,India,Central Asia,APAC,
Amravati,Maharashtra,India,Central Asia,APAC,
Wafangdian,Liaoning,China,North Asia,APAC,
San Juan de la Maguana,San Juan,Dominican Republic,Caribbean,LATAM,
Chicago,Illinois,United States,Central,US,60623.0
Antananarivo,Analamanga,Madagascar,Africa,Africa,
Ufa,Bashkortostan,Russia,EMEA,EMEA,
Tehran,Tehran,Iran,EMEA,EMEA,
Bendigo,Victoria,Australia,Oceania,APAC,
Quetta,Baluchistan,Pakistan,Central Asia,APAC,
Rovigo,Veneto,Italy,South,EU,
Soacha,Cundinamarca,Colombia,South,LATAM,
Dudley,England,United Kingdom,North,EU,
Vienna,Vienna,Austria,EMEA,EMEA,
Ris-Orangis,Ile-de-France,France,Central,EU,
Levallois-Perret,Ile-de-France,France,Central,EU,
Luts'k,Volyn,Ukraine,EMEA,EMEA,
San Salvador,San Salvador,El Salvador,Central,LATAM,
Lorain,Ohio,United States,East,US,44052.0
Stoke-on-Trent,England,United Kingdom,North,EU,
São Paulo,São Paulo,Brazil,South,LATAM,
Huaibei,Anhui,China,North Asia,APAC,
Lehi,Utah,United States,West,US,84043.0
Masterton,Wellington,New Zealand,Oceania,APAC,
Seattle,Washington,United States,West,US,98103.0
Whangarei,Northland,New Zealand,Oceania,APAC,
Kunming,Yunnan,China,North Asia,APAC,
Columbia,Missouri,United States,Central,US,65203.0
Vancouver,British Columbia,Canada,Canada,Canada,
Pamplona,Navarra,Spain,South,EU,
Haninge,Stockholm,Sweden,North,EU,
Oviedo,Asturias,Spain,South,EU,
Carrollton,Texas,United States,Central,US,75007.0
Nasik,Maharashtra,India,Central Asia,APAC,
Torrevieja,Valenciana,Spain,South,EU,
Ube,Yamaguchi,Japan,North Asia,APAC,
New York City,New York,United States,East,US,10011.0
Pozzuoli,Campania,Italy,South,EU,
Poltava,Poltava,Ukraine,EMEA,EMEA,
Depok,Yogyakarta,Indonesia,Southeast Asia,APAC,
Regensburg,Bavaria,Germany,Central,EU,
Visakhapatnam,Andhra Pradesh,India,Central Asia,APAC,
Clamart,Ile-de-France,France,Central,EU,
Los Angeles,California,United States,West,US,90004.0
Garbsen,Lower Saxony,Germany,Central,EU,
Jixi,Heilongjiang,China,North Asia,APAC,
Potchefstroom,North-West,South Africa,Africa,Africa,
Vladimir,Vladimir,Russia,EMEA,EMEA,
Burgos,Castile and León,Spain,South,EU,
Kollam,Kerala,India,Central Asia,APAC,
Yangon,Yangon,Myanmar (Burma),Southeast Asia,APAC,
Bondy,Ile-de-France,France,Central,EU,
Mont-de-Marsan,Aquitaine,France,Central,EU,
Lyon,Rhône-Alpes,France,Central,EU,
Houston,Texas,United States,Central,US,77095.0
Depok,Jawa Barat,Indonesia,Southeast Asia,APAC,
Santo André,São Paulo,Brazil,South,LATAM,
Menden,North Rhine-Westphalia,Germany,Central,EU,
Spanish Town,Saint Catherine,Jamaica,Caribbean,LATAM,
Taupo,Waikato,New Zealand,Oceania,APAC,
Fengcheng,Liaoning,China,North Asia,APAC,
Vernon,Upper Normandy,France,Central,EU,
Tianjin,Tianjin,China,North Asia,APAC,
Chihuahua,Chihuahua,Mexico,North,LATAM,
Elx,Valenciana,Spain,South,EU,
Santa Cruz de Barahona,Barahona,Dominican Republic,Caribbean,LATAM,
Brasília,Federal District,Brazil,South,LATAM,
Lanzhou,Gansu,China,North Asia,APAC,
Bologna,Emilia-Romagna,Italy,South,EU,
Alice Springs,Northern Territory,Australia,Oceania,APAC,
Doha,Ad Dawhah,Qatar,EMEA,EMEA,
Velletri,Lazio,Italy,South,EU,
Matsubara,Oita,Japan,North Asia,APAC,
Gloucester,England,United Kingdom,North,EU,
Puteaux,Ile-de-France,France,Central,EU,
Geelong,Victoria,Australia,Oceania,APAC,
Whakatane,Bay of Plenty,New Zealand,Oceania,APAC,
Açu,Rio Grande do Norte,Brazil,South,LATAM,
Colchester,England,United Kingdom,North,EU,
Sandy Springs,Georgia,United States,South,US,30328.0
Montpellier,Languedoc-Roussillon,France,Central,EU,
Wetzlar,Hesse,Germany,Central,EU,
Cleveland,Ohio,United States,East,US,44105.0
Shashi,Hubei,China,North Asia,APAC,
Chaoyang,Jilin,China,North Asia,APAC,
Rugby,England,United Kingdom,North,EU,
Round Rock,Texas,United States,Central,US,78664.0
Saint-Chamond,Rhône-Alpes,France,Central,EU,
Fontenay-aux-Roses,Ile-de-France,France,Central,EU,
Baotou,Inner Mongolia,China,North Asia,APAC,
Fort Worth,Texas,United States,Central,US,76106.0
Joinville,Santa Catarina,Brazil,South,LATAM,
Colombo,Parana,Brazil,South,LATAM,
Dover,New Hampshire,United States,East,US,3820.0
Jining,Shandong,China,North Asia,APAC,
Zhenjiang,Jiangsu,China,North Asia,APAC,
York,England,United Kingdom,North,EU,
Jining,Inner Mongolia,China,North Asia,APAC,
Mérida,Yucatán,Mexico,North,LATAM,
Villa Nueva,Guatemala,Guatemala,Central,LATAM,
Annecy-le-Vieux,Rhône-Alpes,France,Central,EU,
Drancy,Ile-de-France,France,Central,EU,
Jacksonville,Florida,United States,South,US,32216.0
Dar es Salaam,Dar Es Salaam,Tanzania,Africa,Africa,
Nuremberg,Bavaria,Germany,Central,EU,
Concord,California,United States,West,US,94521.0
Macheng,Hubei,China,North Asia,APAC,
Beni Mellal,Tadla-Azilal,Morocco,Africa,Africa,
Roswell,Georgia,United States,South,US,30076.0
Madurai,Tamil Nadu,India,Central Asia,APAC,
Dortmund,North Rhine-Westphalia,Germany,Central,EU,
Loubomo,Niari,Republic of the Congo,Africa,Africa,
Jiangmen,Guangdong,China,North Asia,APAC,
Troy,Ohio,United States,East,US,45373.0
Kaliningrad,Kaliningrad,Russia,EMEA,EMEA,
Kristiansand,Vest-Agder,Norway,North,EU,
Ad Diwaniyah,Al Qadisiyah,Iraq,EMEA,EMEA,
Philadelphia,Pennsylvania,United States,East,US,19140.0
Bayonne,Aquitaine,France,Central,EU,
Avondale,Arizona,United States,West,US,85323.0
Fairfield,Ohio,United States,East,US,45014.0
San José de las Lajas,Mayabeque,Cuba,Caribbean,LATAM,
Algiers,Alger,Algeria,Africa,Africa,
Lowell,Massachusetts,United States,East,US,1852.0
Istanbul,Istanbul,Turkey,EMEA,EMEA,
Kaunas,Kaunas,Lithuania,EMEA,EMEA,
Ardabil,Ardabil,Iran,EMEA,EMEA,
Mexicali,Baja California,Mexico,North,LATAM,
Mecca,Makkah,Saudi Arabia,EMEA,EMEA,
Alexandria,Al Iskandariyah,Egypt,Africa,Africa,
Queanbeyan,New South Wales,Australia,Oceania,APAC,
Guilin,Guangxi,China,North Asia,APAC,
Gaomi,Shandong,China,North Asia,APAC,
Pretoria,Gauteng,South Africa,Africa,Africa,
Blackpool,England,United Kingdom,North,EU,
Schwerin,Mecklenburg-Vorpommern,Germany,Central,EU,
Aligarh,Uttar Pradesh,India,Central Asia,APAC,
Trento,Trentino-Alto Adige,Italy,South,EU,
Ravenna,Emilia-Romagna,Italy,South,EU,
Basel,Basel-Stadt,Switzerland,Central,EU,
Matola,Maputo,Mozambique,Africa,Africa,
Poitiers,Poitou-Charentes,France,Central,EU,
Seoul,Seoul,South Korea,North Asia,APAC,
Mulhouse,Alsace,France,Central,EU,
Milan,Lombardy,Italy,South,EU,
Kota Kinabalu,Sabah,Malaysia,Southeast Asia,APAC,
Denver,Colorado,United States,West,US,80219.0
Uberaba,Minas Gerais,Brazil,South,LATAM,
Rueil-Malmaison,Ile-de-France,France,Central,EU,
Crawley,England,United Kingdom,North,EU,
Makurdi,Benue,Nigeria,Africa,Africa,
Tallinn,Harjumaa,Estonia,EMEA,EMEA,
Swansea,Wales,United Kingdom,North,EU,
Paranaguá,Parana,Brazil,South,LATAM,
Samarinda,Kalimantan Timur,Indonesia,Southeast Asia,APAC,
Vijayawada,Andhra Pradesh,India,Central Asia,APAC,
Bandirma,Balikesir,Turkey,EMEA,EMEA,
Gagnoa,Fromager,Cote d'Ivoire,Africa,Africa,
Tegucigalpa,Francisco Morazán,Honduras,Central,LATAM,
Villiers-le-Bel,Ile-de-France,France,Central,EU,
Brampton,Ontario,Canada,Canada,Canada,
Columbia,Maryland,United States,East,US,21044.0
Tlaquepaque,Jalisco,Mexico,North,LATAM,
Saint-Denis,Ile-de-France,France,Central,EU,
Mangalore,Karnataka,India,Central Asia,APAC,
Sancti Spíritus,Sancti Spíritus,Cuba,Caribbean,LATAM,
Indaial,Santa Catarina,Brazil,South,LATAM,
Bergen,Hordaland,Norway,North,EU,
Riyadh,Ar Riyad,Saudi Arabia,EMEA,EMEA,
Lucerne,Lucerne,Switzerland,Central,EU,
Fernando de la Mora,Central,Paraguay,South,LATAM,
Noblesville,Indiana,United States,Central,US,46060.0
Malayer,Hamadan,Iran,EMEA,EMEA,
Mbuji-mayi,Kasai-Oriental,Democratic Republic of the Congo,Africa,Africa,
Gwalior,Madhya Pradesh,India,Central Asia,APAC,
Luoyang,Fujian,China,North Asia,APAC,
Southend-on-Sea,England,United Kingdom,North,EU,
Thionville,Lorraine,France,Central,EU,
Srinagar,Jammu and Kashmir,India,Central Asia,APAC,
Allahabad,Uttar Pradesh,India,Central Asia,APAC,
Bekasi,Jawa Barat,Indonesia,Southeast Asia,APAC,
Daloa,Haut-Sassandra,Cote d'Ivoire,Africa,Africa,
Saltillo,Coahuila,Mexico,North,LATAM,
Anaheim,California,United States,West,US,92804.0
Woking,England,United Kingdom,North,EU,
Baguio City,Cordillera,Philippines,Southeast Asia,APAC,
Magnitogorsk,Chelyabinsk,Russia,EMEA,EMEA,
Varanasi,Uttar Pradesh,India,Central Asia,APAC,
Serra,Espírito Santo,Brazil,South,LATAM,
Florence,Tuscany,Italy,South,EU,
Raleigh,North Carolina,United States,South,US,27604.0
Pescara,Abruzzi,Italy,South,EU,
Warwick,Rhode Island,United States,East,US,2886.0
Chittagong,Chittagong,Bangladesh,Central Asia,APAC,
Monclova,Coahuila,Mexico,North,LATAM,
Worthing,England,United Kingdom,North,EU,
Lençóis Paulista,São Paulo,Brazil,South,LATAM,
Coffs Harbour,New South Wales,Australia,Oceania,APAC,
Baghdad,Baghdad,Iraq,EMEA,EMEA,
San Severo,Apulia,Italy,South,EU,
San Luis,San Luis,Argentina,South,LATAM,
Guangzhou,Guangdong,China,North Asia,APAC,
Tiruppur,Tamil Nadu,India,Central Asia,APAC,
San Luis Potosí,San Luis Potosí,Mexico,North,LATAM,
Chicago,Illinois,United States,Central,US,60653.0
Le Chesnay,Ile-de-France,France,Central,EU,
Prague,Prague,Czech Republic,EMEA,EMEA,
Lansing,Michigan,United States,Central,US,48911.0
Dieppe,Upper Normandy,France,Central,EU,
Gap,Provence-Alpes-Côte d'Azur,France,Central,EU,
Redlands,California,United States,West,US,92374.0
Shuangcheng,Heilongjiang,China,North Asia,APAC,
Bangui,Bangui,Central African Republic,Africa,Africa,
Hastings,Hawke's Bay,New Zealand,Oceania,APAC,
Oakland,California,United States,West,US,94601.0
Irapuato,Guanajuato,Mexico,North,LATAM,
Xinyi,Guangdong,China,North Asia,APAC,
Bhilwara,Rajasthan,India,Central Asia,APAC,
Antwerp,Antwerp,Belgium,Central,EU,
Orange,New South Wales,Australia,Oceania,APAC,
Napier,Hawke's Bay,New Zealand,Oceania,APAC,
Torreón,Coahuila,Mexico,North,LATAM,
Noda,Chiba,Japan,North Asia,APAC,
Porto-Novo,Ouémé,Benin,Africa,Africa,
Outreau,Nord-Pas-de-Calais,France,Central,EU,
Burlington,Vermont,United States,East,US,5408.0
Muskogee,Oklahoma,United States,Central,US,74403.0
Bourg-en-Bresse,Rhône-Alpes,France,Central,EU,
Americana,São Paulo,Brazil,South,LATAM,
Kashan,Esfahan,Iran,EMEA,EMEA,
Sunbury,Victoria,Australia,Oceania,APAC,
Herford,North Rhine-Westphalia,Germany,Central,EU,
Chesapeake,Virginia,United States,South,US,23320.0
Cairns,Queensland,Australia,Oceania,APAC,
L'viv,L'viv,Ukraine,EMEA,EMEA,
Oslo,Oslo,Norway,North,EU,
Arbil,Arbil,Iraq,EMEA,EMEA,
Des Moines,Washington,United States,West,US,98198.0
Bradford,England,United Kingdom,North,EU,
San Pedro de Macorís,San Pedro de Macorís,Dominican Republic,Caribbean,LATAM,
Estelí,Estelí,Nicaragua,Central,LATAM,
San Sebastian,Basque Country,Spain,South,EU,
Schiltigheim,Alsace,France,Central,EU,
Milwaukee,Wisconsin,United States,Central,US,53209.0
Consolación del Sur,Pinar del Río,Cuba,Caribbean,LATAM,
Tangier,Tanger-Tétouan,Morocco,Africa,Africa,
Oruro,Oruro,Bolivia,South,LATAM,
Munich,Bavaria,Germany,Central,EU,
Malegaon,Maharashtra,India,Central Asia,APAC,
Euskirchen,North Rhine-Westphalia,Germany,Central,EU,
Sakai,Gunma,Japan,North Asia,APAC,
Blagoveshchensk,Amur,Russia,EMEA,EMEA,
Tijuana,Baja California,Mexico,North,LATAM,
Philadelphia,Pennsylvania,United States,East,US,19143.0
Hyderabad,Telangana,India,Central Asia,APAC,
Villeneuve-Saint-Georges,Ile-de-France,France,Central,EU,
Takasaki,Gunma,Japan,North Asia,APAC,
Bhilai,Chhattisgarh,India,Central Asia,APAC,
Santa Barbara,California,United States,West,US,93101.0
Rochester,New York,United States,East,US,14609.0
Durres,Durrës,Albania,EMEA,EMEA,
Frankfurt,Hesse,Germany,Central,EU,
Anqing,Anhui,China,North Asia,APAC,
Victoria,Tamaulipas,Mexico,North,LATAM,
San Gabriel,California,United States,West,US,91776.0
Copiapó,Atacama,Chile,South,LATAM,
Cincinnati,Ohio,United States,East,US,45231.0
Ensenada,Baja California,Mexico,North,LATAM,
La Romana,La Romana,Dominican Republic,Caribbean,LATAM,
Fort-de-France,Martinique,Martinique,Caribbean,LATAM,
Kingswood,England,United Kingdom,North,EU,
Trier,Rhineland-Palatinate,Germany,Central,EU,
Leeds,England,United Kingdom,North,EU,
Luoyang,Guangdong,China,North Asia,APAC,
Petrópolis,Rio de Janeiro,Brazil,South,LATAM,
Vantaa,Uusimaa,Finland,North,EU,
Watertown,New York,United States,East,US,13601.0
Noisy-le-Grand,Ile-de-France,France,Central,EU,
Homs,Hims,Syria,EMEA,EMEA,
Liaoyang,Liaoning,China,North Asia,APAC,
Fayetteville,North Carolina,United States,South,US,28314.0
Araguaína,Tocantins,Brazil,South,LATAM,
Denpasar,Bali,Indonesia,Southeast Asia,APAC,
Toulon,Provence-Alpes-Côte d'Azur,France,Central,EU,
Pune,Maharashtra,India,Central Asia,APAC,
Tucson,Arizona,United States,West,US,85705.0
Miami,Florida,United States,South,US,33180.0
Goyang,Gyeonggi,South Korea,North Asia,APAC,
Kalyan,Maharashtra,India,Central Asia,APAC,
Khulna,Khulna,Bangladesh,Central Asia,APAC,
Avadi,Tamil Nadu,India,Central Asia,APAC,
Semarang,Jawa Tengah,Indonesia,Southeast Asia,APAC,
Stuttgart,Baden-Württemberg,Germany,Central,EU,
Chelyabinsk,Chelyabinsk,Russia,EMEA,EMEA,
Zhanjiang,Guangdong,China,North Asia,APAC,
Greenville,North Carolina,United States,South,US,27834.0
Yueyang,Hunan,China,North Asia,APAC,
Pueblo,Colorado,United States,West,US,81001.0
Reutlingen,Baden-Württemberg,Germany,Central,EU,
Arras,Nord-Pas-de-Calais,France,Central,EU,
Matsudo,Chiba,Japan,North Asia,APAC,
Bayamo,Granma,Cuba,Caribbean,LATAM,
Reynosa,Tamaulipas,Mexico,North,LATAM,
Chester,England,United Kingdom,North,EU,
Rostock,Mecklenburg-Vorpommern,Germany,Central,EU,
Namur,Namur,Belgium,Central,EU,
Aachen,North Rhine-Westphalia,Germany,Central,EU,
Rasht,Gilan,Iran,EMEA,EMEA,
Grajaú,Maranhão,Brazil,South,LATAM,
Koshigaya,Saitama,Japan,North Asia,APAC,
Beirut,Beirut,Lebanon,EMEA,EMEA,
Huelva,Andalusía,Spain,South,EU,
Hefei,Anhui,China,North Asia,APAC,
Louisville,Kentucky,United States,South,US,40214.0
Valenzuela,National Capital,Philippines,Southeast Asia,APAC,
Thanjavur,Tamil Nadu,India,Central Asia,APAC,
Tegal,Jawa Tengah,Indonesia,Southeast Asia,APAC,
Kitchener,Ontario,Canada,Canada,Canada,
Sevran,Ile-de-France,France,Central,EU,
Hastings,England,United Kingdom,North,EU,
Halmstad,Halland,Sweden,North,EU,
Amstelveen,North Holland,Netherlands,Central,EU,
Portici,Campania,Italy,South,EU,
Toledo,Ohio,United States,East,US,43615.0
Sparks,Nevada,United States,West,US,89431.0
Murray Bridge,South Australia,Australia,Oceania,APAC,
Tengzhou,Shandong,China,North Asia,APAC,
Bagneux,Ile-de-France,France,Central,EU,
Balikpapan,Kalimantan Timur,Indonesia,Southeast Asia,APAC,
Bhatinda,Punjab,India,Central Asia,APAC,
Poza Rica de Hidalgo,Veracruz,Mexico,North,LATAM,
Colmar,Alsace,France,Central,EU,
Clichy-sous-Bois,Ile-de-France,France,Central,EU,
La Seyne-sur-Mer,Provence-Alpes-Côte d'Azur,France,Central,EU,
Antipolo,Calabarzon,Philippines,Southeast Asia,APAC,
Creil,Picardy,France,Central,EU,
Curitiba,Parana,Brazil,South,LATAM,
Sale,Rabat-Salé-Zemmour-Zaer,Morocco,Africa,Africa,
Albury,New South Wales,Australia,Oceania,APAC,
Kutahya,Kutahya,Turkey,EMEA,EMEA,
Daqing,Heilongjiang,China,North Asia,APAC,
Waynesboro,Virginia,United States,South,US,22980.0
Rockhampton,Queensland,Australia,Oceania,APAC,
Accra,Greater Accra,Ghana,Africa,Africa,
Conselheiro Lafaiete,Minas Gerais,Brazil,South,LATAM,
Jiangdu,Jiangsu,China,North Asia,APAC,
Cochabamba,Cochabamba,Bolivia,South,LATAM,
Wolverhampton,England,United Kingdom,North,EU,
San Francisco,California,United States,West,US,94109.0
Mumbai,Maharashtra,India,Central Asia,APAC,
Caloundra,Queensland,Australia,Oceania,APAC,
Talcahuano,Biobio,Chile,South,LATAM,
Santiago,Santiago,Chile,South,LATAM,
Nairobi,Nairobi,Kenya,Africa,Africa,
Aurora,Illinois,United States,Central,US,60505.0
Houston,Texas,United States,Central,US,77070.0
New Plymouth,Taranaki,New Zealand,Oceania,APAC,
Sesto San Giovanni,Lombardy,Italy,South,EU,
Florence,Alabama,United States,South,US,35630.0
Tangshan,Hebei,China,North Asia,APAC,
Edmonton,Alberta,Canada,Canada,Canada,
Lismore,New South Wales,Australia,Oceania,APAC,
Sikasso,Sikasso,Mali,Africa,Africa,
Macapá,Amapá,Brazil,South,LATAM,
Nottingham,England,United Kingdom,North,EU,
Mandurah,Western Australia,Australia,Oceania,APAC,
Venice,Veneto,Italy,South,EU,
Dormagen,North Rhine-Westphalia,Germany,Central,EU,
Bilbao,Basque Country,Spain,South,EU,
Bagcilar,Istanbul,Turkey,EMEA,EMEA,
Bressuire,Poitou-Charentes,France,Central,EU,
Houilles,Ile-de-France,France,Central,EU,
Solapur,Maharashtra,India,Central Asia,APAC,
Capannori,Tuscany,Italy,South,EU,
Kawagoe,Saitama,Japan,North Asia,APAC,
Yangzhou,Jiangsu,China,North Asia,APAC,
Monterrey,Nuevo León,Mexico,North,LATAM,
Ann Arbor,Michigan,United States,Central,US,48104.0
Misratah,Misratah,Libya,Africa,Africa,
Tlalpan,Distrito Federal,Mexico,North,LATAM,
Matanzas,Matanzas,Cuba,Caribbean,LATAM,
Can Tho,Tỉnh Cần Thơ,Vietnam,Southeast Asia,APAC,
Greenwood,Indiana,United States,Central,US,46142.0
Las Tunas,Las Tunas,Cuba,Caribbean,LATAM,
Phoenix,Arizona,United States,West,US,85023.0
San Diego,California,United States,West,US,92105.0
Villeneuve-le-Roi,Ile-de-France,France,Central,EU,
Vitrolles,Provence-Alpes-Côte d'Azur,France,Central,EU,
Tiruchchirappalli,Tamil Nadu,India,Central Asia,APAC,
Hengyang,Hunan,China,North Asia,APAC,
Hialeah,Florida,United States,South,US,33012.0
Marietta,Georgia,United States,South,US,30062.0
Ilopango,San Salvador,El Salvador,Central,LATAM,
Torbali,Izmir,Turkey,EMEA,EMEA,
Bhiwandi,Maharashtra,India,Central Asia,APAC,
Palmerston North,Manawatu-Wanganui,New Zealand,Oceania,APAC,
Kaifeng,Henan,China,North Asia,APAC,
Thornton,Colorado,United States,West,US,80229.0
Georgetown,Kentucky,United States,South,US,40324.0
Houston,Texas,United States,Central,US,77041.0
Villa Alemana,Valparaíso,Chile,South,LATAM,
Tlalnepantla,México,Mexico,North,LATAM,
São Gonçalo,Rio de Janeiro,Brazil,South,LATAM,
Richmond,Kentucky,United States,South,US,40475.0
Katowice,Silesia,Poland,EMEA,EMEA,
Carora,Lara,Venezuela,South,LATAM,
Orihuela,Valenciana,Spain,South,EU,
Tulsa,Oklahoma,United States,Central,US,74133.0
Fasa,Fars,Iran,EMEA,EMEA,
San Fernando,San Fernando,Trinidad and Tobago,Caribbean,LATAM,
Mainz,Rhineland-Palatinate,Germany,Central,EU,
Gronau,North Rhine-Westphalia,Germany,Central,EU,
Bengbu,Anhui,China,North Asia,APAC,
Dublin,Dublin,Ireland,North,EU,
Antibes,Provence-Alpes-Côte d'Azur,France,Central,EU,
Natal,Rio Grande do Norte,Brazil,South,LATAM,
Concarneau,Brittany,France,Central,EU,
Lakeland,Florida,United States,South,US,33801.0
Brentwood,California,United States,West,US,94513.0
Solingen,North Rhine-Westphalia,Germany,Central,EU,
Palmerston,Northern Territory,Australia,Oceania,APAC,
Marrakech,Marrakech-Tensift-El Haouz,Morocco,Africa,Africa,
Cologne,North Rhine-Westphalia,Germany,Central,EU,
Reading,England,United Kingdom,North,EU,
Xinshi,Hubei,China,North Asia,APAC,
Sofia,Sofiya-Grad,Bulgaria,EMEA,EMEA,
Kryvyy Rih,Dnipropetrovs'k,Ukraine,EMEA,EMEA,
Cachan,Ile-de-France,France,Central,EU,
Carlisle,England,United Kingdom,North,EU,
Pleasant Grove,Utah,United States,West,US,84062.0
Montenegro,Quindío,Colombia,South,LATAM,
Asheville,North Carolina,United States,South,US,28806.0
Ipoh,Perak,Malaysia,Southeast Asia,APAC,
Xiaogan,Hubei,China,North Asia,APAC,
Yuci,Shanxi,China,North Asia,APAC,
Makhachkala,Dagestan,Russia,EMEA,EMEA,
Gongzhuling,Jilin,China,North Asia,APAC,
Devonport,Tasmania,Australia,Oceania,APAC,
Bottrop,North Rhine-Westphalia,Germany,Central,EU,
Jember,Jawa Timur,Indonesia,Southeast Asia,APAC,
Shulan,Jilin,China,North Asia,APAC,
Ulm,Baden-Württemberg,Germany,Central,EU,
Sheffield,England,United Kingdom,North,EU,
Guelma,Guelma,Algeria,Africa,Africa,
Stockholm,Stockholm,Sweden,North,EU,
Liaocheng,Shandong,China,North Asia,APAC,
Innsbruck,Tyrol,Austria,Central,EU,
Shantou,Guangdong,China,North Asia,APAC,
Rockford,Illinois,United States,Central,US,61107.0
Panama City,Panama,Panama,Central,LATAM,
Cabo de Santo Agostinho,Pernambuco,Brazil,South,LATAM,
Castrop-Rauxel,North Rhine-Westphalia,Germany,Central,EU,
Saint-Germain-en-Laye,Ile-de-France,France,Central,EU,
Cuttack,Odisha,India,Central Asia,APAC,
Tilburg,North Brabant,Netherlands,Central,EU,
Parla,Madrid,Spain,South,EU,
Ludhiana,Punjab,India,Central Asia,APAC,
Xinzhou,Shanxi,China,North Asia,APAC,
Glendale,Arizona,United States,West,US,85301.0
La Rochelle,Poitou-Charentes,France,Central,EU,
Soledad,Atlántico,Colombia,South,LATAM,
Ramat Aviv,Tel Aviv,Israel,EMEA,EMEA,
Paulista,Pernambuco,Brazil,South,LATAM,
Wagga Wagga,New South Wales,Australia,Oceania,APAC,
Lunel,Languedoc-Roussillon,France,Central,EU,
Cajazeiras,Paraíba,Brazil,South,LATAM,
Laiyang,Shandong,China,North Asia,APAC,
Guyancourt,Ile-de-France,France,Central,EU,
Zamora,Castile and León,Spain,South,EU,
Dallas,Texas,United States,Central,US,75081.0
Lagos,Lagos,Nigeria,Africa,Africa,
Ninghai,Shandong,China,North Asia,APAC,
Bogor,Jawa Barat,Indonesia,Southeast Asia,APAC,
Nancy,Lorraine,France,Central,EU,
Bello,Antioquia,Colombia,South,LATAM,
Chimaltenango,Chimaltenango,Guatemala,Central,LATAM,
Toronto,Ontario,Canada,Canada,Canada,
El Prat de Llobregat,Catalonia,Spain,South,EU,
Pematangsiantar,Sumatera Utara,Indonesia,Southeast Asia,APAC,
Albacete,Castile-La Mancha,Spain,South,EU,
Santa Clara,Villa Clara,Cuba,Caribbean,LATAM,
Maringá,Parana,Brazil,South,LATAM,
Osorno,Los Lagos,Chile,South,LATAM,
Brindisi,Apulia,Italy,South,EU,
Doncaster,England,United Kingdom,North,EU,
Fremont,Nebraska,United States,Central,US,68025.0
Santa Catarina,Nuevo León,Mexico,North,LATAM,
Annaba,Annaba,Algeria,Africa,Africa,
Utrecht,Utrecht,Netherlands,Central,EU,
Nagasaki,Nagasaki,Japan,North Asia,APAC,
Albany,Western Australia,Australia,Oceania,APAC,
Las Pinas,National Capital,Philippines,Southeast Asia,APAC,
Westminster,California,United States,West,US,92683.0
Shah Alam,Selangor,Malaysia,Southeast Asia,APAC,
Birmingham,England,United Kingdom,North,EU,
Rach Gia,Kiên Giang,Vietnam,Southeast Asia,APAC,
Dongguan,Guangdong,China,North Asia,APAC,
Fontainebleau,Ile-de-France,France,Central,EU,
Santa Cruz de la Sierra,Santa Cruz,Bolivia,South,LATAM,
Donets'k,Donetsk,Ukraine,EMEA,EMEA,
Jacksonville,North Carolina,United States,South,US,28540.0
Cardiff,Wales,United Kingdom,North,EU,
Spokane,Washington,United States,West,US,99207.0
Villeurbanne,Rhône-Alpes,France,Central,EU,
Nicolás Romero,México,Mexico,North,LATAM,
Chililabombwe,Copperbelt,Zambia,Africa,Africa,
Baltimore,Maryland,United States,East,US,21215.0
Nanterre,Ile-de-France,France,Central,EU,
Shihezi,Xinjiang Uygur,China,North Asia,APAC,
Givors,Rhône-Alpes,France,Central,EU,
Carrefour,Ouest,Haiti,Caribbean,LATAM,
Brasov,Brasov,Romania,EMEA,EMEA,
Vichy,Auvergne,France,Central,EU,
Kure,Hiroshima,Japan,North Asia,APAC,
Derby,England,United Kingdom,North,EU,
Arnhem,Gelderland,Netherlands,Central,EU,
Aprilia,Lazio,Italy,South,EU,
Waitakere,Auckland,New Zealand,Oceania,APAC,
Fargo,North Dakota,United States,Central,US,58103.0
Aurora,Colorado,United States,West,US,80013.0
Hanoi,Thủ Dô Hà Nội,Vietnam,Southeast Asia,APAC,
Genk,Limburg,Belgium,Central,EU,
Castanhal,Pará,Brazil,South,LATAM,
La Spezia,Liguria,Italy,South,EU,
Jiangyan,Jiangsu,China,North Asia,APAC,
Wilmington,Delaware,United States,East,US,19805.0
Fairfield,Connecticut,United States,East,US,6824.0
Littlehampton,England,United Kingdom,North,EU,
Padang,Sumatera Barat,Indonesia,Southeast Asia,APAC,
Yunyang,Henan,China,North Asia,APAC,
Fatehpur,Rajasthan,India,Central Asia,APAC,
Changshu,Jiangsu,China,North Asia,APAC,
Quevedo,Los Rios,Ecuador,South,LATAM,
Changzhou,Jiangsu,China,North Asia,APAC,
Sakaka,Al Jawf,Saudi Arabia,EMEA,EMEA,
Los Angeles,California,United States,West,US,90036.0
Saint-Dizier,Champagne-Ardenne,France,Central,EU,
Stourbridge,England,United Kingdom,North,EU,
Presidente Dutra,Maranhão,Brazil,South,LATAM,
El Paso,Texas,United States,Central,US,79907.0
Bognor Regis,England,United Kingdom,North,EU,
Xuzhou,Jiangsu,China,North Asia,APAC,
Ninghai,Zhejiang,China,North Asia,APAC,
Bridgetown,Saint Michael,Barbados,Caribbean,LATAM,
Fort Lauderdale,Florida,United States,South,US,33311.0
Beauvais,Picardy,France,Central,EU,
South Shields,England,United Kingdom,North,EU,
Manchester,Connecticut,United States,East,US,6040.0
Nuevo Laredo,Tamaulipas,Mexico,North,LATAM,
Kano,Kano,Nigeria,Africa,Africa,
Dewas,Madhya Pradesh,India,Central Asia,APAC,
Puertollano,Castile-La Mancha,Spain,South,EU,
Lawrence,Massachusetts,United States,East,US,1841.0
Bonn,North Rhine-Westphalia,Germany,Central,EU,
Danville,California,United States,West,US,94526.0
Arles,Provence-Alpes-Côte d'Azur,France,Central,EU,
Murcia,Murcia,Spain,South,EU,
Liverpool,England,United Kingdom,North,EU,
Fes,Fès-Boulemane,Morocco,Africa,Africa,
Farnborough,England,United Kingdom,North,EU,
Suining,Sichuan,China,North Asia,APAC,
Herne,North Rhine-Westphalia,Germany,Central,EU,
Ciego de Ávila,Ciego de Ávila,Cuba,Caribbean,LATAM,
Arkhangelsk,Arkhangel'sk,Russia,EMEA,EMEA,
Ljubljana,Ljubljana,Slovenia,EMEA,EMEA,
Marion,Ohio,United States,East,US,43302.0
Mount Isa,Queensland,Australia,Oceania,APAC,
Nizhyn,Chernihiv,Ukraine,EMEA,EMEA,
Bamako,Bamako,Mali,Africa,Africa,
Montevideo,Montevideo,Uruguay,South,LATAM,
Tepic,Nayarit,Mexico,North,LATAM,
Dnipropetrovs'k,Dnipropetrovs'k,Ukraine,EMEA,EMEA,
Gorakhpur,Uttar Pradesh,India,Central Asia,APAC,
Catania,Sicily,Italy,South,EU,
Grigny,Ile-de-France,France,Central,EU,
Yibin,Sichuan,China,North Asia,APAC,
Mahajanga,Boeny,Madagascar,Africa,Africa,
Saida,Saida,Algeria,Africa,Africa,
Cergy,Ile-de-France,France,Central,EU,
Arzgir,Stavropol',Russia,EMEA,EMEA,
Gravesend,England,United Kingdom,North,EU,
Mentougou,Beijing,China,North Asia,APAC,
Nampula,Nampula,Mozambique,Africa,Africa,
Edmonds,Washington,United States,West,US,98026.0
Traralgon,Victoria,Australia,Oceania,APAC,
Vinnytsya,Vinnytsya,Ukraine,EMEA,EMEA,
Evanston,Illinois,United States,Central,US,60201.0
Bossier City,Louisiana,United States,South,US,71111.0
Timaru,Canterbury,New Zealand,Oceania,APAC,
Libourne,Aquitaine,France,Central,EU,
Tampa,Florida,United States,South,US,33614.0
Ashdod,Southern,Israel,EMEA,EMEA,
Patrocínio,Minas Gerais,Brazil,South,LATAM,
Slough,England,United Kingdom,North,EU,
Rennes,Brittany,France,Central,EU,
Datong,Shanxi,China,North Asia,APAC,
Oberhausen,North Rhine-Westphalia,Germany,Central,EU,
Chipata,Eastern,Zambia,Africa,Africa,
Galati,Galati,Romania,EMEA,EMEA,
Toowoomba,Queensland,Australia,Oceania,APAC,
Bry-sur-Marne,Ile-de-France,France,Central,EU,
Balneário Camboriú,Santa Catarina,Brazil,South,LATAM,
Dreux,Centre,France,Central,EU,
Toulouse,Midi-Pyrénées,France,Central,EU,
Benghazi,Banghazi,Libya,Africa,Africa,
Bacoor,Calabarzon,Philippines,Southeast Asia,APAC,
Nanning,Guangxi,China,North Asia,APAC,
Stolberg,North Rhine-Westphalia,Germany,Central,EU,
Bari,Apulia,Italy,South,EU,
Xining,Qinghai,China,North Asia,APAC,
Tabuk,Tabuk,Saudi Arabia,EMEA,EMEA,
Guiyang,Guizhou,China,North Asia,APAC,
Durango,Durango,Mexico,North,LATAM,
Kenosha,Wisconsin,United States,Central,US,53142.0
Tokyo,Tokyo,Japan,North Asia,APAC,
Bene Beraq,Tel Aviv,Israel,EMEA,EMEA,
Rotherham,England,United Kingdom,North,EU,
Cork,Cork,Ireland,North,EU,
Columbus,Indiana,United States,Central,US,47201.0
Roodepoort,Gauteng,South Africa,Africa,Africa,
Fontaine,Rhône-Alpes,France,Central,EU,
Rabat,Rabat-Salé-Zemmour-Zaer,Morocco,Africa,Africa,
Temecula,California,United States,West,US,92592.0
José Bonifácio,São Paulo,Brazil,South,LATAM,
Lusaka,Lusaka,Zambia,Africa,Africa,
Basra,Al Basrah,Iraq,EMEA,EMEA,
Apple Valley,California,United States,West,US,92307.0
Meizhou,Guangdong,China,North Asia,APAC,
Guasave,Sinaloa,Mexico,North,LATAM,
Richardson,Texas,United States,Central,US,75080.0
Santana de Parnaíba,São Paulo,Brazil,South,LATAM,
Montgomery,Alabama,United States,South,US,36116.0
Austin,Texas,United States,Central,US,78745.0
Aubervilliers,Ile-de-France,France,Central,EU,
Upper Hutt,Wellington,New Zealand,Oceania,APAC,
Neuilly-sur-Seine,Ile-de-France,France,Central,EU,
Faridabad,Haryana,India,Central Asia,APAC,
Fairfield,California,United States,West,US,94533.0
Santa Ana,Santa Ana,El Salvador,Central,LATAM,
Le Havre,Upper Normandy,France,Central,EU,
Mwanza,Mwanza,Tanzania,Africa,Africa,
Orem,Utah,United States,West,US,84057.0
Petapa,Guatemala,Guatemala,Central,LATAM,
Newport News,Virginia,United States,South,US,23602.0
Miramas,Provence-Alpes-Côte d'Azur,France,Central,EU,
Mabopane,Gauteng,South Africa,Africa,Africa,
David,Chiriquí,Panama,Central,LATAM,
Dos Hermanas,Andalusía,Spain,South,EU,
Villa Frontera,Coahuila,Mexico,North,LATAM,
Franklin,Massachusetts,United States,East,US,2038.0
Suzhou,Jiangsu,China,North Asia,APAC,
Hartlepool,England,United Kingdom,North,EU,
Orizaba,Veracruz,Mexico,North,LATAM,
Lázaro Cárdenas,Michoacán,Mexico,North,LATAM,
Busan,Busan,South Korea,North Asia,APAC,
Pearland,Texas,United States,Central,US,77581.0
Holguín,Holguín,Cuba,Caribbean,LATAM,
Korba,Chhattisgarh,India,Central Asia,APAC,
Viterbo,Lazio,Italy,South,EU,
Carcassonne,Languedoc-Roussillon,France,Central,EU,
Villach,Carinthia,Austria,Central,EU,
Altamura,Apulia,Italy,South,EU,
Longmont,Colorado,United States,West,US,80501.0
Ezhou,Hubei,China,North Asia,APAC,
Escuintla,Escuintla,Guatemala,Central,LATAM,
Gujranwala,Punjab,Pakistan,Central Asia,APAC,
Jena,Thuringia,Germany,Central,EU,
Oxford,England,United Kingdom,North,EU,
Anantapur,Andhra Pradesh,India,Central Asia,APAC,
Qom,Qom,Iran,EMEA,EMEA,
Jiaozuo,Henan,China,North Asia,APAC,
Portsmouth,England,United Kingdom,North,EU,
Hildesheim,Lower Saxony,Germany,Central,EU,
Sunderland,England,United Kingdom,North,EU,
Al Mahallah al Kubra,Al Gharbiyah,Egypt,Africa,Africa,
La Plata,Provincia de Buenos Aires,Argentina,South,LATAM,
Landskrona,Skåne,Sweden,North,EU,
Helsinki,Uusimaa,Finland,North,EU,
Las Vegas,Nevada,United States,West,US,89115.0
Budapest,Budapest,Hungary,EMEA,EMEA,
Bath,England,United Kingdom,North,EU,
Lome,Maritime,Togo,Africa,Africa,
Ferrara,Emilia-Romagna,Italy,South,EU,
Palaiseau,Ile-de-France,France,Central,EU,
Gateshead,England,United Kingdom,North,EU,
Saint-Louis,Alsace,France,Central,EU,
Plainfield,New Jersey,United States,East,US,7060.0
Itamaraju,Bahia,Brazil,South,LATAM,
Coventry,England,United Kingdom,North,EU,
Villeneuve-d'Ascq,Nord-Pas-de-Calais,France,Central,EU,
Mathura,Uttar Pradesh,India,Central Asia,APAC,
Wilhelmshaven,Lower Saxony,Germany,Central,EU,
Hurghada,Al Bahr Al Ahmar,Egypt,Africa,Africa,
Gaya,Bihar,India,Central Asia,APAC,
Toul,Lorraine,France,Central,EU,
Arusha,Arusha,Tanzania,Africa,Africa,
Ibirité,Minas Gerais,Brazil,South,LATAM,
Guadalajara,Jalisco,Mexico,North,LATAM,
Ciudad del Carmen,Campeche,Mexico,North,LATAM,
Kolhapur,Maharashtra,India,Central Asia,APAC,
Valles,San Luis Potosí,Mexico,North,LATAM,
Beverly,Massachusetts,United States,East,US,1915.0
Buffalo,New York,United States,East,US,14215.0
Kassel,Hesse,Germany,Central,EU,
Greensboro,North Carolina,United States,South,US,27405.0
La Vega,La Vega,Dominican Republic,Caribbean,LATAM,
Nouakchott,Nouakchott,Mauritania,Africa,Africa,
Saint-Louis,Saint-Louis,Senegal,Africa,Africa,
Santa Marta,Magdalena,Colombia,South,LATAM,
Córdoba,Córdoba,Argentina,South,LATAM,
George,Western Cape,South Africa,Africa,Africa,
Sindelfingen,Baden-Württemberg,Germany,Central,EU,
Kawaguchi,Chiba,Japan,North Asia,APAC,
Villa Canales,Guatemala,Guatemala,Central,LATAM,
Zunyi,Guizhou,China,North Asia,APAC,
Wuchang,Heilongjiang,China,North Asia,APAC,
Hermosillo,Sonora,Mexico,North,LATAM,
Douai,Nord-Pas-de-Calais,France,Central,EU,
Fukuyama,Hiroshima,Japan,North Asia,APAC,
Dabrowa Gornicza,Silesia,Poland,EMEA,EMEA,
Essen,North Rhine-Westphalia,Germany,Central,EU,
Gresham,Oregon,United States,West,US,97030.0
Santiago de Compostela,Galicia,Spain,South,EU,
Paraparaumu,Wellington,New Zealand,Oceania,APAC,
San Juan,San Juan,Argentina,South,LATAM,
Manaus,Amazonas,Brazil,South,LATAM,
Mantes-la-Jolie,Ile-de-France,France,Central,EU,
Glasgow,Scotland,United Kingdom,North,EU,
Reno,Nevada,United States,West,US,89502.0
Pontivy,Brittany,France,Central,EU,
Tauranga,Bay of Plenty,New Zealand,Oceania,APAC,
The Hague,South Holland,Netherlands,Central,EU,
Karlstad,Värmland,Sweden,North,EU,
Rajkot,Gujarat,India,Central Asia,APAC,
Satna,Madhya Pradesh,India,Central Asia,APAC,
Yulin,Shaanxi,China,North Asia,APAC,
Manzanillo,Granma,Cuba,Caribbean,LATAM,
Karbala',Karbala',Iraq,EMEA,EMEA,
Hrodna,Hrodna,Belarus,EMEA,EMEA,
Clarksville,Tennessee,United States,South,US,37042.0
Guangshui,Hubei,China,North Asia,APAC,
Bikaner,Rajasthan,India,Central Asia,APAC,
Indore,Madhya Pradesh,India,Central Asia,APAC,
Wigan,England,United Kingdom,North,EU,
Beykoz,Istanbul,Turkey,EMEA,EMEA,
Le Cannet,Provence-Alpes-Côte d'Azur,France,Central,EU,
Columbia,South Carolina,United States,South,US,29203.0
Tirupati,Andhra Pradesh,India,Central Asia,APAC,
Manizales,Caldas,Colombia,South,LATAM,
Conflans-Sainte-Honorine,Ile-de-France,France,Central,EU,
Leicester,England,United Kingdom,North,EU,
Luanda,Luanda,Angola,Africa,Africa,
Mbandaka,Equateur,Democratic Republic of the Congo,Africa,Africa,
Cuernavaca,Morelos,Mexico,North,LATAM,
San Pedro Sula,Cortés,Honduras,Central,LATAM,
Jinjiang,Fujian,China,North Asia,APAC,
Zhaoqing,Guangdong,China,North Asia,APAC,
Broken Arrow,Oklahoma,United States,Central,US,74012.0
Ponferrada,Castile and León,Spain,South,EU,
Yerres,Ile-de-France,France,Central,EU,
Lawrence,Indiana,United States,Central,US,46226.0
Blenheim,Marlborough,New Zealand,Oceania,APAC,
Rillieux-la-Pape,Rhône-Alpes,France,Central,EU,
Luohe,Henan,China,North Asia,APAC,
Spijkenisse,South Holland,Netherlands,Central,EU,
Nzerekore,Nzérékoré,Guinea,Africa,Africa,
Zaria,Kaduna,Nigeria,Africa,Africa,
Bielefeld,North Rhine-Westphalia,Germany,Central,EU,
Stains,Ile-de-France,France,Central,EU,
San Francisco de Macorís,Duarte,Dominican Republic,Caribbean,LATAM,
Lecce,Apulia,Italy,South,EU,
Colorado Springs,Colorado,United States,West,US,80906.0
São Luís,Maranhão,Brazil,South,LATAM,
Bagnolet,Ile-de-France,France,Central,EU,
Qitaihe,Heilongjiang,China,North Asia,APAC,
Meerut,Uttar Pradesh,India,Central Asia,APAC,
Shumen,Shumen,Bulgaria,EMEA,EMEA,
Ponte Nova,Minas Gerais,Brazil,South,LATAM,
Jinhua,Zhejiang,China,North Asia,APAC,
Cheltenham,England,United Kingdom,North,EU,
Kaduna,Kaduna,Nigeria,Africa,Africa,
Breda,North Brabant,Netherlands,Central,EU,
Valladolid,Castile and León,Spain,South,EU,
Courbevoie,Ile-de-France,France,Central,EU,
Fuengirola,Andalusía,Spain,South,EU,
Charleroi,Hainaut,Belgium,Central,EU,
Oran,Oran,Algeria,Africa,Africa,
Kigali,Kigali,Rwanda,Africa,Africa,
Adana,Adana,Turkey,EMEA,EMEA,
Nova Serrana,Minas Gerais,Brazil,South,LATAM,
Guadalajara,Castile-La Mancha,Spain,South,EU,
Oklahoma City,Oklahoma,United States,Central,US,73120.0
Santa Helena,Maranhão,Brazil,South,LATAM,
Great Falls,Montana,United States,West,US,59405.0
Belo Horizonte,Minas Gerais,Brazil,South,LATAM,
North York,Ontario,Canada,Canada,Canada,
Lakeville,Minnesota,United States,Central,US,55044.0
Atakpame,Plateaux,Togo,Africa,Africa,
Amadora,Lisboa,Portugal,South,EU,
Pekanbaru,Riau,Indonesia,Southeast Asia,APAC,
Louisville,Colorado,United States,West,US,80027.0
Smyrna,Georgia,United States,South,US,30080.0
Saint Cloud,Minnesota,United States,Central,US,56301.0
Jamundí,Valle del Cauca,Colombia,South,LATAM,
Foumban,Ouest,Cameroon,Africa,Africa,
Jilin,Jilin,China,North Asia,APAC,
Dallas,Texas,United States,Central,US,75217.0
Versailles,Ile-de-France,France,Central,EU,
Lorca,Murcia,Spain,South,EU,
Langenhagen,Lower Saxony,Germany,Central,EU,
Caucaia,Ceará,Brazil,South,LATAM,
Borujerd,Lorestan,Iran,EMEA,EMEA,
Fortaleza,Ceará,Brazil,South,LATAM,
Anyang,Gyeonggi,South Korea,North Asia,APAC,
Apodaca,Nuevo León,Mexico,North,LATAM,
Parbhani,Maharashtra,India,Central Asia,APAC,
Kita-ku,Osaka,Japan,North Asia,APAC,
Likasi,Katanga,Democratic Republic of the Congo,Africa,Africa,
Bom Jesus da Lapa,Bahia,Brazil,South,LATAM,
Arlington,Virginia,United States,South,US,22204.0
Appleton,Wisconsin,United States,Central,US,54915.0
Apopa,San Salvador,El Salvador,Central,LATAM,
Asti,Piedmont,Italy,South,EU,
Mauá,São Paulo,Brazil,South,LATAM,
Ranchi,Jharkhand,India,Central Asia,APAC,
Brest,Brittany,France,Central,EU,
Newcastle,Kwazulu-natal,South Africa,Africa,Africa,
Luhans'k,Luhans'k,Ukraine,EMEA,EMEA,
Geneva,Geneva,Switzerland,Central,EU,
Hautmont,Nord-Pas-de-Calais,France,Central,EU,
Offenburg,Baden-Württemberg,Germany,Central,EU,
Ananindeua,Pará,Brazil,South,LATAM,
Nagercoil,Tamil Nadu,India,Central Asia,APAC,
Iguala,Guerrero,Mexico,North,LATAM,
Portland,Oregon,United States,West,US,97206.0
Comodoro Rivadavia,Chubut,Argentina,South,LATAM,
Nizamabad,Telangana,India,Central Asia,APAC,
Meriden,Connecticut,United States,East,US,6450.0
Resistencia,Chaco,Argentina,South,LATAM,
Bijie,Guizhou,China,North Asia,APAC,
Copenhagen,Hovedstaden,Denmark,North,EU,
Niamey,Niamey,Niger,Africa,Africa,
Evry,Ile-de-France,France,Central,EU,
Bourges,Centre,France,Central,EU,
Great Yarmouth,England,United Kingdom,North,EU,
Nashville,Tennessee,United States,South,US,37211.0
Draguignan,Provence-Alpes-Côte d'Azur,France,Central,EU,
Jiutepec,Morelos,Mexico,North,LATAM,
Hamm,North Rhine-Westphalia,Germany,Central,EU,
Bareilly,Uttar Pradesh,India,Central Asia,APAC,
Mamak,Ankara,Turkey,EMEA,EMEA,
Sannois,Ile-de-France,France,Central,EU,
Toluca,México,Mexico,North,LATAM,
Linz,Upper Austria,Austria,Central,EU,
Dubuque,Iowa,United States,Central,US,52001.0
Port Moresby,National Capital,Papua New Guinea,Oceania,APAC,
Kerman,Kerman,Iran,EMEA,EMEA,
Lakewood,Ohio,United States,East,US,44107.0
La Ceiba,Atlántida,Honduras,Central,LATAM,
Port Macquarie,New South Wales,Australia,Oceania,APAC,
Nelson,Nelson,New Zealand,Oceania,APAC,
Gdansk,Pomerania,Poland,EMEA,EMEA,
Puducherry,Puducherry,India,Central Asia,APAC,
Little Rock,Arkansas,United States,South,US,72209.0
Changwon,Gyeongsangnam,South Korea,North Asia,APAC,
Remscheid,North Rhine-Westphalia,Germany,Central,EU,
Exeter,England,United Kingdom,North,EU,
Leshan,Sichuan,China,North Asia,APAC,
Chinautla,Guatemala,Guatemala,Central,LATAM,
Brandenburg,Brandenburg,Germany,Central,EU,
Saint-Ouen,Ile-de-France,France,Central,EU,
Le Plessis-Robinson,Ile-de-France,France,Central,EU,
Halle,Saxony-Anhalt,Germany,Central,EU,
Harrow,England,United Kingdom,North,EU,
Echirolles,Rhône-Alpes,France,Central,EU,
Nogent-sur-Oise,Picardy,France,Central,EU,
Casoria,Campania,Italy,South,EU,
Griffith,New South Wales,Australia,Oceania,APAC,
Barra Mansa,Rio de Janeiro,Brazil,South,LATAM,
Naperville,Illinois,United States,Central,US,60540.0
Saint-Genis-Laval,Rhône-Alpes,France,Central,EU,
Ibagué,Tolima,Colombia,South,LATAM,
Tirunelveli,Tamil Nadu,India,Central Asia,APAC,
Ulan Bator,Ulaanbaatar,Mongolia,EMEA,EMEA,
Les Herbiers,Pays de la Loire,France,Central,EU,
Pasco,Washington,United States,West,US,99301.0
Cheyenne,Wyoming,United States,West,US,82001.0
San Diego,California,United States,West,US,92024.0
Perugia,Umbria,Italy,South,EU,
Dresden,Saxony,Germany,Central,EU,
Francisco Beltrão,Parana,Brazil,South,LATAM,
Tours,Centre,France,Central,EU,
Araçatuba,São Paulo,Brazil,South,LATAM,
Gawler,South Australia,Australia,Oceania,APAC,
Des Moines,Iowa,United States,Central,US,50315.0
Groningen,Groningen,Netherlands,Central,EU,
Ichalkaranji,Maharashtra,India,Central Asia,APAC,
Naples,Campania,Italy,South,EU,
Bur Sudan,Red Sea,Sudan,Africa,Africa,
Firozabad,Uttar Pradesh,India,Central Asia,APAC,
Aschaffenburg,Bavaria,Germany,Central,EU,
Soissons,Picardy,France,Central,EU,
Aoba-ku,Kanagawa,Japan,North Asia,APAC,
Silivri,Istanbul,Turkey,EMEA,EMEA,
Tawau,Sabah,Malaysia,Southeast Asia,APAC,
Limeira,São Paulo,Brazil,South,LATAM,
Oldham,England,United Kingdom,North,EU,
Itajaí,Santa Catarina,Brazil,South,LATAM,
Goiânia,Goiás,Brazil,South,LATAM,
Neuwied,Rhineland-Palatinate,Germany,Central,EU,
Marano di Napoli,Campania,Italy,South,EU,
Papakura,Auckland,New Zealand,Oceania,APAC,
Watford,England,United Kingdom,North,EU,
Dallas,Texas,United States,Central,US,75220.0
Dalian,Liaoning,China,North Asia,APAC,
Annecy,Rhône-Alpes,France,Central,EU,
Sunnyvale,California,United States,West,US,94086.0
Madero,Tamaulipas,Mexico,North,LATAM,
Tongchuan,Shaanxi,China,North Asia,APAC,
Kramators'k,Donetsk,Ukraine,EMEA,EMEA,
Ujjain,Madhya Pradesh,India,Central Asia,APAC,
Asansol,West Bengal,India,Central Asia,APAC,
Brahmapur,Odisha,India,Central Asia,APAC,
Roissy-en-Brie,Ile-de-France,France,Central,EU,
Varese,Lombardy,Italy,South,EU,
Coulommiers,Ile-de-France,France,Central,EU,
Chelmsford,England,United Kingdom,North,EU,
Coimbra,Coimbra,Portugal,South,EU,
Ashford,England,United Kingdom,North,EU,
Bouake,Vallee Du Bandama,Cote d'Ivoire,Africa,Africa,
Mildura,Victoria,Australia,Oceania,APAC,
Puerto La Cruz,Anzoátegui,Venezuela,South,LATAM,
Teresópolis,Rio de Janeiro,Brazil,South,LATAM,
Juiz de Fora,Minas Gerais,Brazil,South,LATAM,
Foggia,Apulia,Italy,South,EU,
Parma,Ohio,United States,East,US,44134.0
Farmington,New Mexico,United States,West,US,87401.0
Cholula,Puebla,Mexico,North,LATAM,
Pamiers,Midi-Pyrénées,France,Central,EU,
Criciúma,Santa Catarina,Brazil,South,LATAM,
Taubaté,São Paulo,Brazil,South,LATAM,
Pantin,Ile-de-France,France,Central,EU,
Gilbert,Arizona,United States,West,US,85234.0
Oceanside,New York,United States,East,US,11572.0
Celaya,Guanajuato,Mexico,North,LATAM,
Mansfield,England,United Kingdom,North,EU,
Kazerun,Fars,Iran,EMEA,EMEA,
Taiyuan,Shanxi,China,North Asia,APAC,
Pasadena,Texas,United States,Central,US,77506.0
Río Bravo,Tamaulipas,Mexico,North,LATAM,
Chiclana de la Frontera,Andalusía,Spain,South,EU,
Los Mochis,Sinaloa,Mexico,North,LATAM,
Suffolk,Virginia,United States,South,US,23434.0
Anshun,Guizhou,China,North Asia,APAC,
San Pablo de las Salinas,México,Mexico,North,LATAM,
Poissy,Ile-de-France,France,Central,EU,
Choluteca,Choluteca,Honduras,Central,LATAM,
San Andrés Tuxtla,Veracruz,Mexico,North,LATAM,
Fort Collins,Colorado,United States,West,US,80525.0
Dublin,Ohio,United States,East,US,43017.0
Hiratsuka,Kanagawa,Japan,North Asia,APAC,
Huangshi,Hubei,China,North Asia,APAC,
Xinghua,Jiangsu,China,North Asia,APAC,
Knoxville,Tennessee,United States,South,US,37918.0
Khartoum,Khartoum,Sudan,Africa,Africa,
Al Minya,Al Minya,Egypt,Africa,Africa,
Midland,Michigan,United States,Central,US,48640.0
Vicenza,Veneto,Italy,South,EU,
Lima,Lima (city),Peru,South,LATAM,
Pontoise,Ile-de-France,France,Central,EU,
Daejeon,Daejeon,South Korea,North Asia,APAC,
Springfield,Ohio,United States,East,US,45503.0
Zhengzhou,Henan,China,North Asia,APAC,
Landerneau,Brittany,France,Central,EU,
Rouen,Upper Normandy,France,Central,EU,
Heze,Shandong,China,North Asia,APAC,
Quelimane,Zambezia,Mozambique,Africa,Africa,
Atlixco,Puebla,Mexico,North,LATAM,
Rajshahi,Rajshahi,Bangladesh,Central Asia,APAC,
Villefontaine,Rhône-Alpes,France,Central,EU,
Arraiján,Panama,Panama,Central,LATAM,
Querétaro,Querétaro,Mexico,North,LATAM,
Ploiesti,Prahova,Romania,EMEA,EMEA,
Kassala,Kassala,Sudan,Africa,Africa,
Saqqez,Kordestan,Iran,EMEA,EMEA,
Dos Quebradas,Risaralda,Colombia,South,LATAM,
Seremban,Negeri Sembilan,Malaysia,Southeast Asia,APAC,
Meudon,Ile-de-France,France,Central,EU,
Hradec Kralove,Hradec Kralove,Czech Republic,EMEA,EMEA,
Peoria,Illinois,United States,Central,US,61604.0
Villemomble,Ile-de-France,France,Central,EU,
Kupang,Nusa Tenggara Timur,Indonesia,Southeast Asia,APAC,
General Escobedo,Nuevo León,Mexico,North,LATAM,
Kawasaki,Fukuoka,Japan,North Asia,APAC,
Rambouillet,Ile-de-France,France,Central,EU,
Kopeysk,Chelyabinsk,Russia,EMEA,EMEA,
Kaiyuan,Liaoning,China,North Asia,APAC,
Parma,Emilia-Romagna,Italy,South,EU,
Maceió,Alagoas,Brazil,South,LATAM,
Ndola,Copperbelt,Zambia,Africa,Africa,
Samarra',Salah Ad Din,Iraq,EMEA,EMEA,
Huainan,Anhui,China,North Asia,APAC,
Sumy,Sumy,Ukraine,EMEA,EMEA,
Taranto,Apulia,Italy,South,EU,
Mount Gambier,South Australia,Australia,Oceania,APAC,
Bolton,England,United Kingdom,North,EU,
Valinhos,São Paulo,Brazil,South,LATAM,
Safi,Doukkala-Abda,Morocco,Africa,Africa,
Jackson,Mississippi,United States,South,US,39212.0
Marly-le-Roi,Ile-de-France,France,Central,EU,
Lugo,Galicia,Spain,South,EU,
Potosí,Potosí,Bolivia,South,LATAM,
Belleville,New Jersey,United States,East,US,7109.0
Oldenburg,Lower Saxony,Germany,Central,EU,
Garza García,Nuevo León,Mexico,North,LATAM,
Concord,New Hampshire,United States,East,US,3301.0
Dayr az Zawr,Dayr Az Zawr,Syria,EMEA,EMEA,
Irkutsk,Irkutsk,Russia,EMEA,EMEA,
San Miguelito,Panama,Panama,Central,LATAM,
Chillán,Biobio,Chile,South,LATAM,
Wodonga,Victoria,Australia,Oceania,APAC,
Annonay,Rhône-Alpes,France,Central,EU,
Zhongxiang,Hubei,China,North Asia,APAC,
Mogadishu,Banaadir,Somalia,Africa,Africa,
Bryansk,Bryansk,Russia,EMEA,EMEA,
Severodvinsk,Arkhangel'sk,Russia,EMEA,EMEA,
Chengdu,Sichuan,China,North Asia,APAC,
Armidale,New South Wales,Australia,Oceania,APAC,
Soweto,Gauteng,South Africa,Africa,Africa,
Durgapur,Maharashtra,India,Central Asia,APAC,
Nueva Gerona,Isla de la Juventud,Cuba,Caribbean,LATAM,
Presidencia Roque Sáenz Peña,Chaco,Argentina,South,LATAM,
Castres,Midi-Pyrénées,France,Central,EU,
Fushun,Liaoning,China,North Asia,APAC,
Franca,São Paulo,Brazil,South,LATAM,
Ludwigshafen am Rhein,Rhineland-Palatinate,Germany,Central,EU,
Arica,Arica y Parinacota,Chile,South,LATAM,
Sartrouville,Ile-de-France,France,Central,EU,
Mombasa,Coast,Kenya,Africa,Africa,
Nazilli,Aydin,Turkey,EMEA,EMEA,
Jiutai,Jilin,China,North Asia,APAC,
Koidu,Eastern,Sierra Leone,Africa,Africa,
Suihua,Heilongjiang,China,North Asia,APAC,
Messina,Sicily,Italy,South,EU,
Reims,Champagne-Ardenne,France,Central,EU,
Behbahan,Khuzestan,Iran,EMEA,EMEA,
Ajmer,Rajasthan,India,Central Asia,APAC,
Cluj-Napoca,Cluj,Romania,EMEA,EMEA,
Oradea,Bihor,Romania,EMEA,EMEA,
Bristol,England,United Kingdom,North,EU,
Tipitapa,Managua,Nicaragua,Central,LATAM,
Alicante,Valenciana,Spain,South,EU,
Hasselt,Limburg,Belgium,Central,EU,
Aksu,Xinjiang Uygur,China,North Asia,APAC,
Trabzon,Trabzon,Turkey,EMEA,EMEA,
Troisdorf,North Rhine-Westphalia,Germany,Central,EU,
Kindia,Kindia,Guinea,Africa,Africa,
Aix-en-Provence,Provence-Alpes-Côte d'Azur,France,Central,EU,
Tanta,Al Gharbiyah,Egypt,Africa,Africa,
Choloma,Cortés,Honduras,Central,LATAM,
Ulhasnagar,Maharashtra,India,Central Asia,APAC,
Caracas,Distrito Capital,Venezuela,South,LATAM,
Oleksandriya,Kirovohrad,Ukraine,EMEA,EMEA,
Mississauga,Ontario,Canada,Canada,Canada,
Independence,Missouri,United States,Central,US,64055.0
Wattrelos,Nord-Pas-de-Calais,France,Central,EU,
Licheng,Guangdong,China,North Asia,APAC,
Nieuwegein,Utrecht,Netherlands,Central,EU,
Huaiyin,Jiangsu,China,North Asia,APAC,
Pimpri,Maharashtra,India,Central Asia,APAC,
Brownsville,Texas,United States,Central,US,78521.0
Abidjan,Lagunes,Cote d'Ivoire,Africa,Africa,
Turku,Finland Proper,Finland,North,EU,
Portmore,Saint Catherine,Jamaica,Caribbean,LATAM,
Ivanovo,Ivanovo,Russia,EMEA,EMEA,
Artemisa,Artemisa,Cuba,Caribbean,LATAM,
Niort,Poitou-Charentes,France,Central,EU,
Denizli,Denizli,Turkey,EMEA,EMEA,
Heerlen,Limburg,Netherlands,Central,EU,
Pharr,Texas,United States,Central,US,78577.0
Valencia,Carabobo,Venezuela,South,LATAM,
Takamatsu,Kagawa,Japan,North Asia,APAC,
Kaluga,Kaluga,Russia,EMEA,EMEA,
Burbank,California,United States,West,US,91505.0
Jayapura,Papua,Indonesia,Southeast Asia,APAC,
Martigues,Provence-Alpes-Côte d'Azur,France,Central,EU,
Bastia,Corsica,France,Central,EU,
Deltona,Florida,United States,South,US,32725.0
London,Ontario,Canada,Canada,Canada,
Kankan,Kankan,Guinea,Africa,Africa,
Shanwei,Guangdong,China,North Asia,APAC,
Massy,Ile-de-France,France,Central,EU,
Vaughan,Ontario,Canada,Canada,Canada,
Acuña,Coahuila,Mexico,North,LATAM,
Langen,Lower Saxony,Germany,Central,EU,
Villeneuve-sur-Lot,Aquitaine,France,Central,EU,
Manchester,England,United Kingdom,North,EU,
Como,Lombardy,Italy,South,EU,
Les Ulis,Ile-de-France,France,Central,EU,
Melitopol',Zaporizhzhya,Ukraine,EMEA,EMEA,
Haarlem,North Holland,Netherlands,Central,EU,
Memphis,Tennessee,United States,South,US,38109.0
Ashqelon,Southern,Israel,EMEA,EMEA,
Garforth,England,United Kingdom,North,EU,
Sarajevo,Federation of Bosnia and Herzegovina,Bosnia and Herzegovina,EMEA,EMEA,
Dunedin,Otago,New Zealand,Oceania,APAC,
Vitoria,Basque Country,Spain,South,EU,
Middlesbrough,England,United Kingdom,North,EU,
Bissau,Bissau,Guinea-Bissau,Africa,Africa,
Dubbo,New South Wales,Australia,Oceania,APAC,
Genoa,Liguria,Italy,South,EU,
Ratlam,Madhya Pradesh,India,Central Asia,APAC,
Khmel'nyts'kyy,Khmel'nyts'kyy,Ukraine,EMEA,EMEA,
Linhai,Zhejiang,China,North Asia,APAC,
Avion,Nord-Pas-de-Calais,France,Central,EU,
Pforzheim,Baden-Württemberg,Germany,Central,EU,
Coimbatore,Tamil Nadu,India,Central Asia,APAC,
Durham,North Carolina,United States,South,US,27707.0
Makati,National Capital,Philippines,Southeast Asia,APAC,
Mechelen,Antwerp,Belgium,Central,EU,
Perth Amboy,New Jersey,United States,East,US,8861.0
Nellore,Andhra Pradesh,India,Central Asia,APAC,
Tivoli,Lazio,Italy,South,EU,
Cuiabá,Mato Grosso,Brazil,South,LATAM,
Pinar del Río,Pinar del Río,Cuba,Caribbean,LATAM,
Coacalco,México,Mexico,North,LATAM,
Bowling Green,Ohio,United States,East,US,43402.0
Tamarac,Florida,United States,South,US,33319.0
Cúcuta,Norte de Santander,Colombia,South,LATAM,
Ijuí,Rio Grande do Sul,Brazil,South,LATAM,
Clinton,Maryland,United States,East,US,20735.0
Beira,Sofala,Mozambique,Africa,Africa,
Basildon,England,United Kingdom,North,EU,
Yamoussoukro,Lacs,Cote d'Ivoire,Africa,Africa,
San Jose,California,United States,West,US,95123.0
Huntsville,Texas,United States,Central,US,77340.0
Maubeuge,Nord-Pas-de-Calais,France,Central,EU,
Djibouti,Djibouti,Djibouti,Africa,Africa,
Saga,Saga,Japan,North Asia,APAC,
Tournefeuille,Midi-Pyrénées,France,Central,EU,
Chester,Pennsylvania,United States,East,US,19013.0
Donghai,Guangdong,China,North Asia,APAC,
Oshawa,Ontario,Canada,Canada,Canada,
Crewe,England,United Kingdom,North,EU,
Sucy-en-Brie,Ile-de-France,France,Central,EU,
Jackson,Tennessee,United States,South,US,38301.0
Roseville,Minnesota,United States,Central,US,55113.0
Renton,Washington,United States,West,US,98059.0
Nakuru,Rift Valley,Kenya,Africa,Africa,
Montmorency,Ile-de-France,France,Central,EU,
Barueri,São Paulo,Brazil,South,LATAM,
Valenciennes,Nord-Pas-de-Calais,France,Central,EU,
Bilaspur,Uttar Pradesh,India,Central Asia,APAC,
Divinópolis,Minas Gerais,Brazil,South,LATAM,
Lugoj,Timis,Romania,EMEA,EMEA,
Salamanca,Guanajuato,Mexico,North,LATAM,
Passo Fundo,Rio Grande do Sul,Brazil,South,LATAM,
Saumur,Pays de la Loire,France,Central,EU,
Siegen,North Rhine-Westphalia,Germany,Central,EU,
Dumai,Riau,Indonesia,Southeast Asia,APAC,
Palermo,Sicily,Italy,South,EU,
Tumkur,Karnataka,India,Central Asia,APAC,
Mount Vernon,New York,United States,East,US,10550.0
Limoges,Limousin,France,Central,EU,
Wasquehal,Nord-Pas-de-Calais,France,Central,EU,
Cagliari,Sardinia,Italy,South,EU,
Vannes,Brittany,France,Central,EU,
Lausanne,Vaud,Switzerland,Central,EU,
Athis-Mons,Ile-de-France,France,Central,EU,
Jerusalem,Jerusalem,Israel,EMEA,EMEA,
Charallave,Miranda,Venezuela,South,LATAM,
Masjed Soleyman,Khuzestan,Iran,EMEA,EMEA,
Palma Soriano,Santiago de Cuba,Cuba,Caribbean,LATAM,
Sonsonate,Sonsonate,El Salvador,Central,LATAM,
Northampton,England,United Kingdom,North,EU,
Gera,Thuringia,Germany,Central,EU,
Redondo Beach,California,United States,West,US,90278.0
Walsall,England,United Kingdom,North,EU,
Jonesboro,Arkansas,United States,South,US,72401.0
Potsdam,Brandenburg,Germany,Central,EU,
Grosseto,Tuscany,Italy,South,EU,
Parker,Colorado,United States,West,US,80134.0
Neunkirchen,Saarland,Germany,Central,EU,
Marignane,Provence-Alpes-Côte d'Azur,France,Central,EU,
Boise,Idaho,United States,West,US,83704.0
Pietermaritzburg,Kwazulu-natal,South Africa,Africa,Africa,
Huehuetenango,Huehuetenango,Guatemala,Central,LATAM,
Cuenca,Azuay,Ecuador,South,LATAM,
Medina,Al Madinah,Saudi Arabia,EMEA,EMEA,
Mansfield,Texas,United States,Central,US,76063.0
Tamworth,New South Wales,Australia,Oceania,APAC,
Worcester,England,United Kingdom,North,EU,
Champigny-sur-Marne,Ile-de-France,France,Central,EU,
Port Harcourt,Rivers,Nigeria,Africa,Africa,
Smyrna,Tennessee,United States,South,US,37167.0
Hoover,Alabama,United States,South,US,35244.0
Ituiutaba,Minas Gerais,Brazil,South,LATAM,
Raipur,Chhattisgarh,India,Central Asia,APAC,
Guwahati,Assam,India,Central Asia,APAC,
Gaziantep,Gaziantep,Turkey,EMEA,EMEA,
Jerez de la Frontera,Andalusía,Spain,South,EU,
Carrara,Tuscany,Italy,South,EU,
Constanta,Constanta,Romania,EMEA,EMEA,
Cotia,São Paulo,Brazil,South,LATAM,
Beaumont,Texas,United States,Central,US,77705.0
Rafsanjan,Kerman,Iran,EMEA,EMEA,
Guacara,Carabobo,Venezuela,South,LATAM,
Al Mubarraz,Ash Sharqiyah,Saudi Arabia,EMEA,EMEA,
Aberdeen,Scotland,United Kingdom,North,EU,
Montes Claros,Minas Gerais,Brazil,South,LATAM,
La Chorrera,Panama,Panama,Central,LATAM,
Cotonou,Littoral,Benin,Africa,Africa,
Washington,District of Columbia,United States,East,US,20016.0
Chico,California,United States,West,US,95928.0
Puente Alto,Santiago,Chile,South,LATAM,
Tecomán,Colima,Mexico,North,LATAM,
Peshawar,Khyber Pakhtunkhwa,Pakistan,Central Asia,APAC,
Kawasaki,Kanagawa,Japan,North Asia,APAC,
Pasadena,California,United States,West,US,91104.0
Acerra,Campania,Italy,South,EU,
Chilpancingo,Guerrero,Mexico,North,LATAM,
Khomeynishahr,Esfahan,Iran,EMEA,EMEA,
Edmond,Oklahoma,United States,Central,US,73034.0
Jieshou,Anhui,China,North Asia,APAC,
Surrey,British Columbia,Canada,Canada,Canada,
Progreso,Yucatán,Mexico,North,LATAM,
Decatur,Illinois,United States,Central,US,62521.0
San Bernardo,Santiago,Chile,South,LATAM,
Aalen,Baden-Württemberg,Germany,Central,EU,
Aurangabad,Maharashtra,India,Central Asia,APAC,
Marsabit,Eastern,Kenya,Africa,Africa,
Lodz,Lodz,Poland,EMEA,EMEA,
Multan,Punjab,Pakistan,Central Asia,APAC,
Allentown,Pennsylvania,United States,East,US,18103.0
Mufulira,Copperbelt,Zambia,Africa,Africa,
Greifswald,Mecklenburg-Vorpommern,Germany,Central,EU,
Tempe,Arizona,United States,West,US,85281.0
Letchworth,England,United Kingdom,North,EU,
Mosul,Ninawa,Iraq,EMEA,EMEA,
João Pessoa,Paraíba,Brazil,South,LATAM,
Sibiu,Sibiu,Romania,EMEA,EMEA,
Fresnes,Ile-de-France,France,Central,EU,
Cuajimalpa,Distrito Federal,Mexico,North,LATAM,
Córdoba,Veracruz,Mexico,North,LATAM,
Fayetteville,Arkansas,United States,South,US,72701.0
Tunis,Tunis,Tunisia,Africa,Africa,
Itapevi,São Paulo,Brazil,South,LATAM,
Halle,North Rhine-Westphalia,Germany,Central,EU,
Rosario,Santa Fe,Argentina,South,LATAM,
Mykolayiv,Mykolayiv,Ukraine,EMEA,EMEA,
Sandnes,Rogaland,Norway,North,EU,
Masaya,Masaya,Nicaragua,Central,LATAM,
Kissimmee,Florida,United States,South,US,34741.0
Aylesbury,England,United Kingdom,North,EU,
Cambé,Parana,Brazil,South,LATAM,
Aracaju,Sergipe,Brazil,South,LATAM,
Warrington,England,United Kingdom,North,EU,
Granada,Granada,Nicaragua,Central,LATAM,
Limoeiro do Norte,Ceará,Brazil,South,LATAM,
Katoomba,New South Wales,Australia,Oceania,APAC,
Kediri,Jawa Timur,Indonesia,Southeast Asia,APAC,
Yaroslavl',Yaroslavl',Russia,EMEA,EMEA,
Salavat,Bashkortostan,Russia,EMEA,EMEA,
Malang,Jawa Timur,Indonesia,Southeast Asia,APAC,
Calais,Nord-Pas-de-Calais,France,Central,EU,
Provo,Utah,United States,West,US,84604.0
Novo Gama,Goiás,Brazil,South,LATAM,
Peterborough,England,United Kingdom,North,EU,
Bunbury,Western Australia,Australia,Oceania,APAC,
Plymouth,England,United Kingdom,North,EU,
Maryborough,Queensland,Australia,Oceania,APAC,
Leuven,Flemish Brabant,Belgium,Central,EU,
Zagreb,Grad Zagreb,Croatia,EMEA,EMEA,
Frontera,Tabasco,Mexico,North,LATAM,
Resende,Rio de Janeiro,Brazil,South,LATAM,
Weifang,Shandong,China,North Asia,APAC,
Chaville,Ile-de-France,France,Central,EU,
Patiala,Punjab,India,Central Asia,APAC,
Al Hillah,Babil,Iraq,EMEA,EMEA,
Lowestoft,England,United Kingdom,North,EU,
Hardenberg,Overijssel,Netherlands,Central,EU,
Kowloon,Hong Kong,Hong Kong,North Asia,APAC,
Cuscatancingo,San Salvador,El Salvador,Central,LATAM,
Yantai,Shandong,China,North Asia,APAC,
Melton,Victoria,Australia,Oceania,APAC,
Drammen,Buskerud,Norway,North,EU,
Auburn,Alabama,United States,South,US,36830.0
Oosterhout,North Brabant,Netherlands,Central,EU,
Torrance,California,United States,West,US,90503.0
Montauban,Midi-Pyrénées,France,Central,EU,
Jiangyou,Sichuan,China,North Asia,APAC,
Livry-Gargan,Ile-de-France,France,Central,EU,
Sorocaba,São Paulo,Brazil,South,LATAM,
Xi'an,Shaanxi,China,North Asia,APAC,
Kathmandu,Central,Nepal,Central Asia,APAC,
Quimper,Brittany,France,Central,EU,
Ixtapaluca,México,Mexico,North,LATAM,
Wiesbaden,Hesse,Germany,Central,EU,
Gdynia,Pomerania,Poland,EMEA,EMEA,
Magdeburg,Saxony-Anhalt,Germany,Central,EU,
Gennevilliers,Ile-de-France,France,Central,EU,
Castelldefels,Catalonia,Spain,South,EU,
Widnes,England,United Kingdom,North,EU,
Kaspiysk,Dagestan,Russia,EMEA,EMEA,
Chapecó,Santa Catarina,Brazil,South,LATAM,
Darbhanga,Bihar,India,Central Asia,APAC,
Coral Springs,Florida,United States,South,US,33065.0
Laredo,Texas,United States,Central,US,78041.0
Klagenfurt,Carinthia,Austria,Central,EU,
Aswan,Aswan,Egypt,Africa,Africa,
Cienfuegos,Cienfuegos,Cuba,Caribbean,LATAM,
Miguel Hidalgo,Distrito Federal,Mexico,North,LATAM,
Panevezys,Panevezys,Lithuania,EMEA,EMEA,
Erftstadt,North Rhine-Westphalia,Germany,Central,EU,
Lippstadt,North Rhine-Westphalia,Germany,Central,EU,
Brive-la-Gaillarde,Limousin,France,Central,EU,
Gisborne,Gisborne,New Zealand,Oceania,APAC,
Pulheim,North Rhine-Westphalia,Germany,Central,EU,
Coudekerque-Branche,Nord-Pas-de-Calais,France,Central,EU,
Roeselare,West Flanders,Belgium,Central,EU,
Highland Park,Illinois,United States,Central,US,60035.0
Ciénaga,Magdalena,Colombia,South,LATAM,
Bingol,Bingol,Turkey,EMEA,EMEA,
Les Abymes,Guadeloupe,Guadeloupe,Caribbean,LATAM,
Swindon,England,United Kingdom,North,EU,
Abreu e Lima,Pernambuco,Brazil,South,LATAM,
Pereira,Risaralda,Colombia,South,LATAM,
Odense,South Denmark,Denmark,North,EU,
Haikou,Hainan,China,North Asia,APAC,
Obregón,Sonora,Mexico,North,LATAM,
Sari,Mazandaran,Iran,EMEA,EMEA,
Baruta,Miranda,Venezuela,South,LATAM,
Hangzhou,Zhejiang,China,North Asia,APAC,
Chingola,Copperbelt,Zambia,Africa,Africa,
Saint-Cyr-sur-Loire,Centre,France,Central,EU,
Guntur,Andhra Pradesh,India,Central Asia,APAC,
Nishinomiya,Hyogo,Japan,North Asia,APAC,
Offenbach,Hesse,Germany,Central,EU,
Waterlooville,England,United Kingdom,North,EU,
Huizhou,Guangdong,China,North Asia,APAC,
Sohag,Suhaj,Egypt,Africa,Africa,
Decatur,Alabama,United States,South,US,35601.0
Dewsbury,England,United Kingdom,North,EU,
Bishkek,Bishkek,Kyrgyzstan,EMEA,EMEA,
Licheng,Jiangsu,China,North Asia,APAC,
Thika,Central,Kenya,Africa,Africa,
Bron,Rhône-Alpes,France,Central,EU,
Normal,Illinois,United States,Central,US,61761.0
Deventer,Overijssel,Netherlands,Central,EU,
Tieling,Liaoning,China,North Asia,APAC,
Santiago de los Caballeros,Santiago,Dominican Republic,Caribbean,LATAM,
Laval,Quebec,Canada,Canada,Canada,
Montereau-Fault-Yonne,Ile-de-France,France,Central,EU,
Bulawayo,Bulawayo,Zimbabwe,Africa,Africa,
Xuanhua,Hebei,China,North Asia,APAC,
Vallauris,Provence-Alpes-Côte d'Azur,France,Central,EU,
Redmond,Oregon,United States,West,US,97756.0
Clydach,Wales,United Kingdom,North,EU,
Xianyang,Shaanxi,China,North Asia,APAC,
Forster,New South Wales,Australia,Oceania,APAC,
Springfield,Oregon,United States,West,US,97477.0
Dartford,England,United Kingdom,North,EU,
Yokkaichi,Mie,Japan,North Asia,APAC,
El Ejido,Andalusía,Spain,South,EU,
Salzburg,Salzburg,Austria,Central,EU,
Dundee,Scotland,United Kingdom,North,EU,
Belgaum,Karnataka,India,Central Asia,APAC,
Rybnik,Silesia,Poland,EMEA,EMEA,
Iringa,Iringa,Tanzania,Africa,Africa,
Benin City,Edo,Nigeria,Africa,Africa,
Arlington,Texas,United States,Central,US,76017.0
Yicheng,Hubei,China,North Asia,APAC,
Kiel,Schleswig-Holstein,Germany,Central,EU,
Kaiserslautern,Rhineland-Palatinate,Germany,Central,EU,
Garches,Ile-de-France,France,Central,EU,
Waterbury,Connecticut,United States,East,US,6708.0
Rosenheim,Bavaria,Germany,Central,EU,
Poole,England,United Kingdom,North,EU,
Pocatello,Idaho,United States,West,US,83201.0
Villejuif,Ile-de-France,France,Central,EU,
Vryburg,North-West,South Africa,Africa,Africa,
Termez,Surxondaryo,Uzbekistan,EMEA,EMEA,
Xintai,Shandong,China,North Asia,APAC,
Richmond,Indiana,United States,Central,US,47374.0
Wuchuan,Guangdong,China,North Asia,APAC,
Heroica Zitácuaro,Michoacán,Mexico,North,LATAM,
Richmond,British Columbia,Canada,Canada,Canada,
Worms,Rhineland-Palatinate,Germany,Central,EU,
Darmstadt,Hesse,Germany,Central,EU,
Issoire,Auvergne,France,Central,EU,
Yichun,Heilongjiang,China,North Asia,APAC,
Issy-les-Moulineaux,Ile-de-France,France,Central,EU,
Chaozhou,Guangdong,China,North Asia,APAC,
Chaoyang,Liaoning,China,North Asia,APAC,
Granada,Andalusía,Spain,South,EU,
Bhubaneswar,Odisha,India,Central Asia,APAC,
Broken Hill,New South Wales,Australia,Oceania,APAC,
Porto,Porto,Portugal,South,EU,
Columbia,Tennessee,United States,South,US,38401.0
Sanming,Fujian,China,North Asia,APAC,
Invercargill,Southland,New Zealand,Oceania,APAC,
Salt Lake City,Utah,United States,West,US,84106.0
Kuching,Sarawak,Malaysia,Southeast Asia,APAC,
Probolinggo,Jawa Timur,Indonesia,Southeast Asia,APAC,
Chandler,Arizona,United States,West,US,85224.0
Kandahar,Kandahar,Afghanistan,Central Asia,APAC,
Duitama,Boyacá,Colombia,South,LATAM,
Taverny,Ile-de-France,France,Central,EU,
Caxias do Sul,Rio Grande do Sul,Brazil,South,LATAM,
Elmhurst,Illinois,United States,Central,US,60126.0
Laghouat,Laghouat,Algeria,Africa,Africa,
Juba,Central Equatoria,South Sudan,Africa,Africa,
Sumaré,São Paulo,Brazil,South,LATAM,
Lucca,Tuscany,Italy,South,EU,
Minden,North Rhine-Westphalia,Germany,Central,EU,
Herten,North Rhine-Westphalia,Germany,Central,EU,
Pelotas,Rio Grande do Sul,Brazil,South,LATAM,
Arvada,Colorado,United States,West,US,80004.0
Campo Grande,Mato Grosso do Sul,Brazil,South,LATAM,
Lower Hutt,Wellington,New Zealand,Oceania,APAC,
Poznan,Greater Poland,Poland,EMEA,EMEA,
Birigui,São Paulo,Brazil,South,LATAM,
Wad Madani,Gezira,Sudan,Africa,Africa,
Florence,South Carolina,United States,South,US,29501.0
Islamabad,F.C.T.,Pakistan,Central Asia,APAC,
Stevenage,England,United Kingdom,North,EU,
Nanchang,Jiangxi,China,North Asia,APAC,
Guayaquil,Guayas,Ecuador,South,LATAM,
Rancagua,O'Higgins,Chile,South,LATAM,
Rawalpindi,Punjab,Pakistan,Central Asia,APAC,
Zhuhai,Guangdong,China,North Asia,APAC,
Mau,Madhya Pradesh,India,Central Asia,APAC,
Shahriar,Tehran,Iran,EMEA,EMEA,
Contramaestre,Santiago de Cuba,Cuba,Caribbean,LATAM,
Thonon-les-Bains,Rhône-Alpes,France,Central,EU,
Allauch,Provence-Alpes-Côte d'Azur,France,Central,EU,
Amritsar,Punjab,India,Central Asia,APAC,
Rondonópolis,Mato Grosso,Brazil,South,LATAM,
Handan,Hebei,China,North Asia,APAC,
Coslada,Madrid,Spain,South,EU,
Plantation,Florida,United States,South,US,33317.0
Bauchi,Bauchi,Nigeria,Africa,Africa,
Maple Grove,Minnesota,United States,Central,US,55369.0
Auburn,New York,United States,East,US,13021.0
Ratingen,North Rhine-Westphalia,Germany,Central,EU,
Caloocan,National Capital,Philippines,Southeast Asia,APAC,
Inglewood,California,United States,West,US,90301.0
Libreville,Estuaire,Gabon,Africa,Africa,
Saint Charles,Illinois,United States,Central,US,60174.0
Pomona,California,United States,West,US,91767.0
Opole,Opole,Poland,EMEA,EMEA,
Gastonia,North Carolina,United States,South,US,28052.0
São Bernardo do Campo,São Paulo,Brazil,South,LATAM,
Metz,Lorraine,France,Central,EU,
Peoria,Arizona,United States,West,US,85345.0
Albuquerque,New Mexico,United States,West,US,87105.0
Plano,Texas,United States,Central,US,75023.0
Tongling,Anhui,China,North Asia,APAC,
Colima,Colima,Mexico,North,LATAM,
Green Bay,Wisconsin,United States,Central,US,54302.0
Klagenfurt,Carinthia,Austria,EMEA,EMEA,
Cheshunt,England,United Kingdom,North,EU,
Middletown,Connecticut,United States,East,US,6457.0
Chula Vista,California,United States,West,US,91911.0
Riverside,California,United States,West,US,92503.0
Guarulhos,São Paulo,Brazil,South,LATAM,
Homyel',Homyel',Belarus,EMEA,EMEA,
Torquay,England,United Kingdom,North,EU,
Narbonne,Languedoc-Roussillon,France,Central,EU,
Sylhet,Sylhet,Bangladesh,Central Asia,APAC,
Sandakan,Sabah,Malaysia,Southeast Asia,APAC,
Takamatsu,Ishikawa,Japan,North Asia,APAC,
Al Muharraq,Muharraq,Bahrain,EMEA,EMEA,
Akola,Maharashtra,India,Central Asia,APAC,
Troy,New York,United States,East,US,12180.0
El Cajon,California,United States,West,US,92020.0
Birkenhead,England,United Kingdom,North,EU,
Istres,Provence-Alpes-Côte d'Azur,France,Central,EU,
Noisy-le-Sec,Ile-de-France,France,Central,EU,
Shangyu,Zhejiang,China,North Asia,APAC,
Winnipeg,Manitoba,Canada,Canada,Canada,
Burnaby,British Columbia,Canada,Canada,Canada,
Bacau,Bacau,Romania,EMEA,EMEA,
Nantong,Jiangsu,China,North Asia,APAC,
Mougins,Provence-Alpes-Côte d'Azur,France,Central,EU,
Bolzano,Trentino-Alto Adige,Italy,South,EU,
Amiens,Picardy,France,Central,EU,
Valencia,Northern Mindanao,Philippines,Southeast Asia,APAC,
Farroupilha,Rio Grande do Sul,Brazil,South,LATAM,
Hangu,Tianjin,China,North Asia,APAC,
Uskudar,Istanbul,Turkey,EMEA,EMEA,
Wuxi,Hunan,China,North Asia,APAC,
Lora del Río,Andalusía,Spain,South,EU,
Mcallen,Texas,United States,Central,US,78501.0
Colón,Colón,Panama,Central,LATAM,
Torcy,Ile-de-France,France,Central,EU,
Zanjan,Zanjan,Iran,EMEA,EMEA,
Calabar,Cross River,Nigeria,Africa,Africa,
Rotorua,Bay of Plenty,New Zealand,Oceania,APAC,
Veracruz,Veracruz,Mexico,North,LATAM,
Sincan,Ankara,Turkey,EMEA,EMEA,
Paderborn,North Rhine-Westphalia,Germany,Central,EU,
Orsay,Ile-de-France,France,Central,EU,
Medina,Ohio,United States,East,US,44256.0
Guatire,Miranda,Venezuela,South,LATAM,
Thiais,Ile-de-France,France,Central,EU,
San Lorenzo,Central,Paraguay,South,LATAM,
Sterlitamak,Bashkortostan,Russia,EMEA,EMEA,
La Teste-de-Buch,Aquitaine,France,Central,EU,
Haifa,Haifa,Israel,EMEA,EMEA,
Barranquilla,Atlántico,Colombia,South,LATAM,
Maradi,Maradi,Niger,Africa,Africa,
Dearborn,Michigan,United States,Central,US,48126.0
Blumenau,Santa Catarina,Brazil,South,LATAM,
Gravatá,Pernambuco,Brazil,South,LATAM,
Scottsdale,Arizona,United States,West,US,85254.0
Oxnard,California,United States,West,US,93030.0
Margate,England,United Kingdom,North,EU,
Trapani,Sicily,Italy,South,EU,
Lormont,Aquitaine,France,Central,EU,
Sapucaia do Sul,Rio Grande do Sul,Brazil,South,LATAM,
Paço do Lumiar,Maranhão,Brazil,South,LATAM,
Jingmen,Hubei,China,North Asia,APAC,
Bengkulu,Bengkulu,Indonesia,Southeast Asia,APAC,
Kirkwood,Missouri,United States,Central,US,63122.0
Lichinga,Niassa,Mozambique,Africa,Africa,
Sargodha,Punjab,Pakistan,Central Asia,APAC,
Mardin,Mardin,Turkey,EMEA,EMEA,
Aulnay-sous-Bois,Ile-de-France,France,Central,EU,
Mesa,Arizona,United States,West,US,85204.0
Bihar Sharif,Bihar,India,Central Asia,APAC,
Ottawa,Ontario,Canada,Canada,Canada,
Huyton,England,United Kingdom,North,EU,
Hyderabad,Sindh,Pakistan,Central Asia,APAC,
Taizz,Ta'izz,Yemen,EMEA,EMEA,
Trappes,Ile-de-France,France,Central,EU,
Montrouge,Ile-de-France,France,Central,EU,
Huambo,Huambo,Angola,Africa,Africa,
Wuppertal,North Rhine-Westphalia,Germany,Central,EU,
Verona,Veneto,Italy,South,EU,
Brighton,England,United Kingdom,North,EU,
Bayreuth,Bavaria,Germany,Central,EU,
Ankara,Ankara,Turkey,EMEA,EMEA,
Tehuacán,Puebla,Mexico,North,LATAM,
Redditch,England,United Kingdom,North,EU,
Kent,Washington,United States,West,US,98031.0
Da Nang,Dà Nang,Vietnam,Southeast Asia,APAC,
Umtata,Eastern Cape,South Africa,Africa,Africa,
Hubli,Karnataka,India,Central Asia,APAC,
Ludwigsfelde,Brandenburg,Germany,Central,EU,
Maidenhead,England,United Kingdom,North,EU,
Delmenhorst,Lower Saxony,Germany,Central,EU,
Miami,Florida,United States,South,US,33142.0
Kingston,Ontario,Canada,Canada,Canada,
Gagny,Ile-de-France,France,Central,EU,
Weston-super-Mare,England,United Kingdom,North,EU,
Kuala Terengganu,Trengganu,Malaysia,Southeast Asia,APAC,
Emden,Lower Saxony,Germany,Central,EU,
Karlsruhe,Baden-Württemberg,Germany,Central,EU,
Amman,'Amman,Jordan,EMEA,EMEA,
Pau,Aquitaine,France,Central,EU,
Calgary,Alberta,Canada,Canada,Canada,
Whitby,Ontario,Canada,Canada,Canada,
Legnano,Lombardy,Italy,South,EU,
Baranagar,West Bengal,India,Central Asia,APAC,
Arequipa,Arequipa,Peru,South,LATAM,
Gravataí,Rio Grande do Sul,Brazil,South,LATAM,
Niterói,Rio de Janeiro,Brazil,South,LATAM,
Avignon,Provence-Alpes-Côte d'Azur,France,Central,EU,
Sanandaj,Kordestan,Iran,EMEA,EMEA,
Gebze,Kocaeli,Turkey,EMEA,EMEA,
Hazebrouck,Nord-Pas-de-Calais,France,Central,EU,
Uppsala,Uppsala,Sweden,North,EU,
Slupsk,Pomerania,Poland,EMEA,EMEA,
South Bend,Indiana,United States,Central,US,46614.0
Agen,Aquitaine,France,Central,EU,
Wallasey,England,United Kingdom,North,EU,
Ras al Khaymah,Ra's Al Khaymah,United Arab Emirates,EMEA,EMEA,
Burnie,Tasmania,Australia,Oceania,APAC,
Xinxiang,Henan,China,North Asia,APAC,
Irun,Basque Country,Spain,South,EU,
Pontianak,Kalimantan Barat,Indonesia,Southeast Asia,APAC,
Roseville,Michigan,United States,Central,US,48066.0
Grevenbroich,North Rhine-Westphalia,Germany,Central,EU,
Hamilton,Ontario,Canada,Canada,Canada,
Santa Rosa,Rio Grande do Sul,Brazil,South,LATAM,
Paraná,Entre Ríos,Argentina,South,LATAM,
Canton,Michigan,United States,Central,US,48187.0
Guildford,England,United Kingdom,North,EU,
Ruda Slaska,Silesia,Poland,EMEA,EMEA,
Six-Fours-les-Plages,Provence-Alpes-Côte d'Azur,France,Central,EU,
Murray,Kentucky,United States,South,US,42071.0
Salvador,Bahia,Brazil,South,LATAM,
Luton,England,United Kingdom,North,EU,
Cottbus,Brandenburg,Germany,Central,EU,
Kilwinning,Scotland,United Kingdom,North,EU,
Neijiang,Sichuan,China,North Asia,APAC,
Shkoder,Shkodër,Albania,EMEA,EMEA,
Abadan,Khuzestan,Iran,EMEA,EMEA,
Overland Park,Kansas,United States,Central,US,66212.0
Cainta,Calabarzon,Philippines,Southeast Asia,APAC,
Velsen,North Holland,Netherlands,Central,EU,
Ahvaz,Khuzestan,Iran,EMEA,EMEA,
Lawton,Oklahoma,United States,Central,US,73505.0
Paterson,New Jersey,United States,East,US,7501.0
Jamnagar,Gujarat,India,Central Asia,APAC,
Gothenburg,Västra Götaland,Sweden,North,EU,
Durban,Kwazulu-natal,South Africa,Africa,Africa,
Cárdenas,Matanzas,Cuba,Caribbean,LATAM,
Rheine,North Rhine-Westphalia,Germany,Central,EU,
Maracaibo,Zulia,Venezuela,South,LATAM,
Tourcoing,Nord-Pas-de-Calais,France,Central,EU,
Saint Peters,Missouri,United States,Central,US,63376.0
Guanambi,Bahia,Brazil,South,LATAM,
Sukkur,Sindh,Pakistan,Central Asia,APAC,
Firminy,Rhône-Alpes,France,Central,EU,
Las Rozas de Madrid,Madrid,Spain,South,EU,
Moradabad,Uttar Pradesh,India,Central Asia,APAC,
Shinyanga,Shinyanga,Tanzania,Africa,Africa,
Chisinau,Chisinau,Moldova,EMEA,EMEA,
Lakewood,California,United States,West,US,90712.0
Sakai,Ibaraki,Japan,North Asia,APAC,
Barreiras,Bahia,Brazil,South,LATAM,
Ajaccio,Corsica,France,Central,EU,
Meyzieu,Rhône-Alpes,France,Central,EU,
Batman,Batman,Turkey,EMEA,EMEA,
La Crosse,Wisconsin,United States,Central,US,54601.0
Bukavu,South Kivu,Democratic Republic of the Congo,Africa,Africa,
San Rafael,Mendoza,Argentina,South,LATAM,
Gorgan,Golestan,Iran,EMEA,EMEA,
Woodstock,Georgia,United States,South,US,30188.0
Brescia,Lombardy,Italy,South,EU,
Heidelberg,Baden-Württemberg,Germany,Central,EU,
Haguenau,Alsace,France,Central,EU,
Jos,Plateau,Nigeria,Africa,Africa,
Punta Arenas,Magallanes y Antártica Chilena,Chile,South,LATAM,
Galway,Galway,Ireland,North,EU,
Wenzhou,Zhejiang,China,North Asia,APAC,
Targu Jiu,Gorj,Romania,EMEA,EMEA,
Ingolstadt,Bavaria,Germany,Central,EU,
Wheeling,West Virginia,United States,East,US,26003.0
Southaven,Mississippi,United States,South,US,38671.0
Neiva,Huila,Colombia,South,LATAM,
Savigny-le-Temple,Ile-de-France,France,Central,EU,
Tarragona,Catalonia,Spain,South,EU,
Pingdingshan,Henan,China,North Asia,APAC,
Canoas,Rio Grande do Sul,Brazil,South,LATAM,
Timisoara,Timis,Romania,EMEA,EMEA,
Stralsund,Mecklenburg-Vorpommern,Germany,Central,EU,
Ceuta,Ceuta,Spain,South,EU,
Varna,Varna,Bulgaria,EMEA,EMEA,
Nevsehir,Nevsehir,Turkey,EMEA,EMEA,
Guanajuato,Guanajuato,Mexico,North,LATAM,
Takestan,Qazvin,Iran,EMEA,EMEA,
Quilmes,Provincia de Buenos Aires,Argentina,South,LATAM,
Rio Branco,Acre,Brazil,South,LATAM,
Salem,Oregon,United States,West,US,97301.0
Delgado,San Salvador,El Salvador,Central,LATAM,
Bistrita,Bistrita-Nasaud,Romania,EMEA,EMEA,
Angeles City,Central Luzon,Philippines,Southeast Asia,APAC,
Gelsenkirchen,North Rhine-Westphalia,Germany,Central,EU,
Huancayo,Junín,Peru,South,LATAM,
Vallejo,California,United States,West,US,94591.0
Amersfoort,Utrecht,Netherlands,Central,EU,
Camarillo,California,United States,West,US,93010.0
Linyi,Shandong,China,North Asia,APAC,
Kherson,Kherson,Ukraine,EMEA,EMEA,
Girona,Catalonia,Spain,South,EU,
Dorsten,North Rhine-Westphalia,Germany,Central,EU,
Kirovohrad,Kirovohrad,Ukraine,EMEA,EMEA,
Moca,Espaillat,Dominican Republic,Caribbean,LATAM,
Berdyans'k,Zaporizhzhya,Ukraine,EMEA,EMEA,
Osasco,São Paulo,Brazil,South,LATAM,
Cerignola,Apulia,Italy,South,EU,
Borazjan,Bushehr,Iran,EMEA,EMEA,
Wels,Upper Austria,Austria,Central,EU,
Mission Viejo,California,United States,West,US,92691.0
Berne,Bern,Switzerland,Central,EU,
Surubim,Pernambuco,Brazil,South,LATAM,
Woodbury,Minnesota,United States,Central,US,55125.0
Jammu,Jammu and Kashmir,India,Central Asia,APAC,
Des Plaines,Illinois,United States,Central,US,60016.0
Man,Dix-Huit Montagnes,Cote d'Ivoire,Africa,Africa,
Saint-Malo,Brittany,France,Central,EU,
Ebolowa,Sud,Cameroon,Africa,Africa,
Djougou,Donga,Benin,Africa,Africa,
Thies Nones,Thies,Senegal,Africa,Africa,
Pilar,Alagoas,Brazil,South,LATAM,
Batna,Batna,Algeria,Africa,Africa,
Roseville,California,United States,West,US,95661.0
Villenave-d'Ornon,Aquitaine,France,Central,EU,
Passaic,New Jersey,United States,East,US,7055.0
Wakefield,England,United Kingdom,North,EU,
Norderstedt,Schleswig-Holstein,Germany,Central,EU,
Saint-Michel-sur-Orge,Ile-de-France,France,Central,EU,
Samobor,Zagrebacka,Croatia,EMEA,EMEA,
Regina,Saskatchewan,Canada,Canada,Canada,
Changsha,Hunan,China,North Asia,APAC,
Dearborn Heights,Michigan,United States,Central,US,48127.0
Twin Falls,Idaho,United States,West,US,83301.0
Les Clayes-sous-Bois,Ile-de-France,France,Central,EU,
Yongchuan,Chongqing,China,North Asia,APAC,
Melun,Ile-de-France,France,Central,EU,
Chemnitz,Saxony,Germany,Central,EU,
Rotterdam,South Holland,Netherlands,Central,EU,
Koblenz,Rhineland-Palatinate,Germany,Central,EU,
Binjai,Sumatera Utara,Indonesia,Southeast Asia,APAC,
Yuma,Arizona,United States,West,US,85364.0
Wadi as Sir,'Amman,Jordan,EMEA,EMEA,
Hagen,North Rhine-Westphalia,Germany,Central,EU,
Zahedan,Sistan Va Baluchestan,Iran,EMEA,EMEA,
Heyuan,Guangdong,China,North Asia,APAC,
Halesowen,England,United Kingdom,North,EU,
Pingnan,Guangxi,China,North Asia,APAC,
Lubango,Huila,Angola,Africa,Africa,
Ceyhan,Adana,Turkey,EMEA,EMEA,
Mount Pleasant,South Carolina,United States,South,US,29464.0
Xingtai,Hebei,China,North Asia,APAC,
Bandar Abbas,Hormozgan,Iran,EMEA,EMEA,
Gonaïves,Artibonite,Haiti,Caribbean,LATAM,
Wilmington,North Carolina,United States,South,US,28403.0
Chieti,Abruzzi,Italy,South,EU,
Auxerre,Burgundy,France,Central,EU,
Rio Rancho,New Mexico,United States,West,US,87124.0
Gradignan,Aquitaine,France,Central,EU,
Trenton,Michigan,United States,Central,US,48183.0
Satu Mare,Satu Mare,Romania,EMEA,EMEA,
Badalona,Catalonia,Spain,South,EU,
Bornova,Izmir,Turkey,EMEA,EMEA,
Tripoli,North Lebanon,Lebanon,EMEA,EMEA,
Lincoln,England,United Kingdom,North,EU,
Washington,England,United Kingdom,North,EU,
Monroe,Louisiana,United States,South,US,71203.0
Lake Forest,California,United States,West,US,92630.0
Winterthur,Zürich,Switzerland,Central,EU,
Caen,Lower Normandy,France,Central,EU,
Araranguá,Santa Catarina,Brazil,South,LATAM,
Frontignan,Languedoc-Roussillon,France,Central,EU,
Piedras Negras,Coahuila,Mexico,North,LATAM,
Huangshan,Anhui,China,North Asia,APAC,
Derbent,Dagestan,Russia,EMEA,EMEA,
Wheeling,Illinois,United States,Central,US,60090.0
Ramnicu Valcea,Valcea,Romania,EMEA,EMEA,
Reading,Pennsylvania,United States,East,US,19601.0
Hod HaSharon,Central,Israel,EMEA,EMEA,
Hesperia,California,United States,West,US,92345.0
Kisangani,Orientale,Democratic Republic of the Congo,Africa,Africa,
Gladstone,Queensland,Australia,Oceania,APAC,
Santos,São Paulo,Brazil,South,LATAM,
Pertuis,Provence-Alpes-Côte d'Azur,France,Central,EU,
Mont-Saint-Aignan,Upper Normandy,France,Central,EU,
Le Pontet,Provence-Alpes-Côte d'Azur,France,Central,EU,
Zhuzhou,Hunan,China,North Asia,APAC,
Colomiers,Midi-Pyrénées,France,Central,EU,
Cessnock,New South Wales,Australia,Oceania,APAC,
Nanyang,Henan,China,North Asia,APAC,
Pasto,Nariño,Colombia,South,LATAM,
San Bernardino,California,United States,West,US,92404.0
Apopka,Florida,United States,South,US,32712.0
Barika,Batna,Algeria,Africa,Africa,
Fuzhou,Fujian,China,North Asia,APAC,
Taytay,Calabarzon,Philippines,Southeast Asia,APAC,
Ermont,Ile-de-France,France,Central,EU,
Zhoukou,Henan,China,North Asia,APAC,
Les Mureaux,Ile-de-France,France,Central,EU,
Quchan,Razavi Khorasan,Iran,EMEA,EMEA,
Miramar,Tamaulipas,Mexico,North,LATAM,
K'ut'aisi,Imereti,Georgia,EMEA,EMEA,
Cartagena,Murcia,Spain,South,EU,
Myslowice,Silesia,Poland,EMEA,EMEA,
Rivne,Rivne,Ukraine,EMEA,EMEA,
Emmen,Drenthe,Netherlands,Central,EU,
Chenzhou,Hunan,China,North Asia,APAC,
Revere,Massachusetts,United States,East,US,2151.0
Siedlce,Masovia,Poland,EMEA,EMEA,
Shuangyashan,Heilongjiang,China,North Asia,APAC,
Paracatu,Minas Gerais,Brazil,South,LATAM,
Aewŏl-li,Jeju,South Korea,North Asia,APAC,
Quibdó,Chocó,Colombia,South,LATAM,
Budënnovsk,Stavropol',Russia,EMEA,EMEA,
Burgas,Burgas,Bulgaria,EMEA,EMEA,
Zlatoust,Chelyabinsk,Russia,EMEA,EMEA,
Vitória,Espírito Santo,Brazil,South,LATAM,
Jalalabad,Nangarhar,Afghanistan,Central Asia,APAC,
Sabadell,Catalonia,Spain,South,EU,
Presidente Prudente,São Paulo,Brazil,South,LATAM,
Garoua,Nord,Cameroon,Africa,Africa,
Kolwezi,Katanga,Democratic Republic of the Congo,Africa,Africa,
San Fernando,Andalusía,Spain,South,EU,
Verviers,Liège,Belgium,Central,EU,
Wichita,Kansas,United States,Central,US,67212.0
Eugene,Oregon,United States,West,US,97405.0
Saharanpur,Uttar Pradesh,India,Central Asia,APAC,
Cremona,Lombardy,Italy,South,EU,
Duque de Caxias,Rio de Janeiro,Brazil,South,LATAM,
Warsaw,Masovia,Poland,EMEA,EMEA,
Bakersfield,California,United States,West,US,93309.0
Lajeado,Rio Grande do Sul,Brazil,South,LATAM,
Plzen,Plzen,Czech Republic,EMEA,EMEA,
Mazyr,Homyel',Belarus,EMEA,EMEA,
Getafe,Madrid,Spain,South,EU,
Tongliao,Inner Mongolia,China,North Asia,APAC,
San Cristóbal de Las Casas,Chiapas,Mexico,North,LATAM,
Mentor,Ohio,United States,East,US,44060.0
Bursa,Bursa,Turkey,EMEA,EMEA,
Gaspar,Santa Catarina,Brazil,South,LATAM,
Daegu,Daegu,South Korea,North Asia,APAC,
Betim,Minas Gerais,Brazil,South,LATAM,
Goulburn,New South Wales,Australia,Oceania,APAC,
Rolândia,Parana,Brazil,South,LATAM,
Laohekou,Hubei,China,North Asia,APAC,
Blackburn,England,United Kingdom,North,EU,
Doetinchem,Gelderland,Netherlands,Central,EU,
Botosani,Botosani,Romania,EMEA,EMEA,
Beni Suef,Bani Suwayf,Egypt,Africa,Africa,
Tarbes,Midi-Pyrénées,France,Central,EU,
Modica,Sicily,Italy,South,EU,
Grand Prairie,Texas,United States,Central,US,75051.0
Manzini,Manzini,Swaziland,Africa,Africa,
Port Arthur,Texas,United States,Central,US,77642.0
San Francisco del Rincón,Guanajuato,Mexico,North,LATAM,
Chatou,Ile-de-France,France,Central,EU,
Akron,Ohio,United States,East,US,44312.0
Novara,Piedmont,Italy,South,EU,
Broomfield,Colorado,United States,West,US,80020.0
Capelle aan den IJssel,South Holland,Netherlands,Central,EU,
Francisco Morato,São Paulo,Brazil,South,LATAM,
Torquay,Queensland,Australia,Oceania,APAC,
Stellenbosch,Western Cape,South Africa,Africa,Africa,
La Porte,Indiana,United States,Central,US,46350.0
Bar-le-Duc,Lorraine,France,Central,EU,
Jundiaí,São Paulo,Brazil,South,LATAM,
Cuautitlán,México,Mexico,North,LATAM,
Palencia,Castile and León,Spain,South,EU,
Enugu,Enugu,Nigeria,Africa,Africa,
Idfu,Aswan,Egypt,Africa,Africa,
Buffalo Grove,Illinois,United States,Central,US,60089.0
Woodstock,Illinois,United States,Central,US,60098.0
Manzanillo,Colima,Mexico,North,LATAM,
Recife,Pernambuco,Brazil,South,LATAM,
Bedford,England,United Kingdom,North,EU,
Mbinga,Ruvuma,Tanzania,Africa,Africa,
Monroe,North Carolina,United States,South,US,28110.0
Bamenda,Nord-Ouest,Cameroon,Africa,Africa,
Heilbronn,Baden-Württemberg,Germany,Central,EU,
Puerto Vallarta,Jalisco,Mexico,North,LATAM,
Qiqihar,Heilongjiang,China,North Asia,APAC,
Sarcelles,Ile-de-France,France,Central,EU,
Carvin,Nord-Pas-de-Calais,France,Central,EU,
Latina,Lazio,Italy,South,EU,
Purwokerto,Jawa Tengah,Indonesia,Southeast Asia,APAC,
Rochester,Minnesota,United States,Central,US,55901.0
Torre del Greco,Campania,Italy,South,EU,
Diyarbakir,Diyarbakir,Turkey,EMEA,EMEA,
Mitry-Mory,Ile-de-France,France,Central,EU,
Srinagar,Uttarakhand,India,Central Asia,APAC,
Targu Mures,Mures,Romania,EMEA,EMEA,
Chaguanas,Chaguanas,Trinidad and Tobago,Caribbean,LATAM,
Utica,New York,United States,East,US,13501.0
Los Patios,Norte de Santander,Colombia,South,LATAM,
Anápolis,Goiás,Brazil,South,LATAM,
Orlando,Florida,United States,South,US,32839.0
Bournemouth,England,United Kingdom,North,EU,
Porto Alegre,Rio Grande do Sul,Brazil,South,LATAM,
São José dos Campos,São Paulo,Brazil,South,LATAM,
Pico Rivera,California,United States,West,US,90660.0
Taiping,Perak,Malaysia,Southeast Asia,APAC,
Andradina,São Paulo,Brazil,South,LATAM,
Erfurt,Thuringia,Germany,Central,EU,
Olympia,Washington,United States,West,US,98502.0
Vacaville,California,United States,West,US,95687.0
Tigard,Oregon,United States,West,US,97224.0
Stockton,California,United States,West,US,95207.0
Vratsa,Vratsa,Bulgaria,EMEA,EMEA,
Valle de La Pascua,Guárico,Venezuela,South,LATAM,
Talavera de la Reina,Castile-La Mancha,Spain,South,EU,
Hempstead,New York,United States,East,US,11550.0
Montecatini Terme,Tuscany,Italy,South,EU,
Guayana,Bolivar,Venezuela,South,LATAM,
Gladstone,Missouri,United States,Central,US,64118.0
Yingcheng,Hubei,China,North Asia,APAC,
Tuxtla Gutiérrez,Chiapas,Mexico,North,LATAM,
Pasig,National Capital,Philippines,Southeast Asia,APAC,
Pucallpa,Ucayali,Peru,South,LATAM,
Johnson City,Tennessee,United States,South,US,37604.0
Richmond Hill,Ontario,Canada,Canada,Canada,
Capua,Campania,Italy,South,EU,
San Juan del Río,Querétaro,Mexico,North,LATAM,
Chincha Alta,Ica,Peru,South,LATAM,
Oceanside,California,United States,West,US,92054.0
Sousa,Paraíba,Brazil,South,LATAM,
Norwich,England,United Kingdom,North,EU,
Boscoreale,Campania,Italy,South,EU,
Friedrichshafen,Baden-Württemberg,Germany,Central,EU,
Namangan,Namangan,Uzbekistan,EMEA,EMEA,
Yacuiba,Tarija,Bolivia,South,LATAM,
La Pintana,Santiago,Chile,South,LATAM,
Corbeil-Essonnes,Ile-de-France,France,Central,EU,
Anglet,Aquitaine,France,Central,EU,
Bertoua,Est,Cameroon,Africa,Africa,
Teresina,Piauí,Brazil,South,LATAM,
El Progreso,Yoro,Honduras,Central,LATAM,
Kikwit,Bandundu,Democratic Republic of the Congo,Africa,Africa,
Giyani,Limpopo,South Africa,Africa,Africa,
Girón,Santander,Colombia,South,LATAM,
Holon,Tel Aviv,Israel,EMEA,EMEA,
Altamira,Pará,Brazil,South,LATAM,
Oak Park,Michigan,United States,Central,US,48237.0
Cabo Frio,Rio de Janeiro,Brazil,South,LATAM,
Moulins,Auvergne,France,Central,EU,
Stockport,England,United Kingdom,North,EU,
Amatitlán,Guatemala,Guatemala,Central,LATAM,
Eau Claire,Wisconsin,United States,Central,US,54703.0
Hove,England,United Kingdom,North,EU,
Kartal,Istanbul,Turkey,EMEA,EMEA,
York,Pennsylvania,United States,East,US,17403.0
Ibadan,Oyo,Nigeria,Africa,Africa,
Jacareí,São Paulo,Brazil,South,LATAM,
Marl,North Rhine-Westphalia,Germany,Central,EU,
Bonneuil-sur-Marne,Ile-de-France,France,Central,EU,
Skokie,Illinois,United States,Central,US,60076.0
Abha,'Asir,Saudi Arabia,EMEA,EMEA,
Tanga,Tanga,Tanzania,Africa,Africa,
Eastbourne,England,United Kingdom,North,EU,
Tahta,Suhaj,Egypt,Africa,Africa,
Orsha,Vitsyebsk,Belarus,EMEA,EMEA,
Ibb,Ibb,Yemen,EMEA,EMEA,
Passos,Minas Gerais,Brazil,South,LATAM,
Cherbourg-Octeville,Lower Normandy,France,Central,EU,
Temixco,Morelos,Mexico,North,LATAM,
Oswego,Illinois,United States,Central,US,60543.0
Rottingdean,England,United Kingdom,North,EU,
Hailin,Heilongjiang,China,North Asia,APAC,
Salinas,California,United States,West,US,93905.0
Agadir,Souss-Massa-Draâ,Morocco,Africa,Africa,
Castelnau-le-Lez,Languedoc-Roussillon,France,Central,EU,
Roman,Neamt,Romania,EMEA,EMEA,
Costa Mesa,California,United States,West,US,92627.0
Chernihiv,Chernihiv,Ukraine,EMEA,EMEA,
Livingstone,Southern,Zambia,Africa,Africa,
Superior,Wisconsin,United States,Central,US,54880.0
Whittier,California,United States,West,US,90604.0
Kisumu,Nyanza,Kenya,Africa,Africa,
Constantine,Constantine,Algeria,Africa,Africa,
Kindu,Maniema,Democratic Republic of the Congo,Africa,Africa,
Damanhur,Al Buhayrah,Egypt,Africa,Africa,
Minuf,Al Minufiyah,Egypt,Africa,Africa,
Cherkasy,Cherkasy,Ukraine,EMEA,EMEA,
Bolu,Bolu,Turkey,EMEA,EMEA,
Morgan Hill,California,United States,West,US,95037.0
Kota,Rajasthan,India,Central Asia,APAC,
Hisar,Haryana,India,Central Asia,APAC,
Carol Stream,Illinois,United States,Central,US,60188.0
Chartres,Centre,France,Central,EU,
Lubbock,Texas,United States,Central,US,79424.0
Guiping,Guangxi,China,North Asia,APAC,
Shijiazhuang,Hebei,China,North Asia,APAC,
Callao,Callao,Peru,South,LATAM,
Yokkaichi,Oita,Japan,North Asia,APAC,
Osh,Osh,Kyrgyzstan,EMEA,EMEA,
Rochdale,England,United Kingdom,North,EU,
Salina Cruz,Oaxaca,Mexico,North,LATAM,
Villingen-Schwenningen,Baden-Württemberg,Germany,Central,EU,
Huadian,Jilin,China,North Asia,APAC,
Catia La Mar,Vargas,Venezuela,South,LATAM,
Cholet,Pays de la Loire,France,Central,EU,
Bucheon,Gyeonggi,South Korea,North Asia,APAC,
Fontenay-sous-Bois,Ile-de-France,France,Central,EU,
Hollywood,Florida,United States,South,US,33021.0
Nacka,Stockholm,Sweden,North,EU,
Cannes,Provence-Alpes-Côte d'Azur,France,Central,EU,
Calamba,Calabarzon,Philippines,Southeast Asia,APAC,
La Madeleine,Nord-Pas-de-Calais,France,Central,EU,
Livingston,Scotland,United Kingdom,North,EU,
Boa Vista,Roraima,Brazil,South,LATAM,
Pine Bluff,Arkansas,United States,South,US,71603.0
Ad Diwem,White Nile,Sudan,Africa,Africa,
Karimnagar,Telangana,India,Central Asia,APAC,
Herat,Hirat,Afghanistan,Central Asia,APAC,
Takatsuki,Osaka,Japan,North Asia,APAC,
Clifton,New Jersey,United States,East,US,7011.0
Angarsk,Irkutsk,Russia,EMEA,EMEA,
Gallarate,Lombardy,Italy,South,EU,
Chetumal,Quintana Roo,Mexico,North,LATAM,
Franklin,Tennessee,United States,South,US,37064.0
Bangor,Maine,United States,East,US,4401.0
Zaanstad,North Holland,Netherlands,Central,EU,
Mishawaka,Indiana,United States,Central,US,46544.0
Horlivka,Donetsk,Ukraine,EMEA,EMEA,
São Miguel dos Campos,Alagoas,Brazil,South,LATAM,
Tamale,Northern,Ghana,Africa,Africa,
Salon-de-Provence,Provence-Alpes-Côte d'Azur,France,Central,EU,
Cognac,Poitou-Charentes,France,Central,EU,
Plovdiv,Plovdiv,Bulgaria,EMEA,EMEA,
Halluin,Nord-Pas-de-Calais,France,Central,EU,
Hereford,England,United Kingdom,North,EU,
Huzhou,Zhejiang,China,North Asia,APAC,
Recklinghausen,North Rhine-Westphalia,Germany,Central,EU,
Portoviejo,Manabi,Ecuador,South,LATAM,
Ngaoundere,Adamaoua,Cameroon,Africa,Africa,
São Leopoldo,Rio Grande do Sul,Brazil,South,LATAM,
Pistoia,Tuscany,Italy,South,EU,
Rubí,Catalonia,Spain,South,EU,
Hechuan,Chongqing,China,North Asia,APAC,
Radom,Masovia,Poland,EMEA,EMEA,
Esenyurt,Istanbul,Turkey,EMEA,EMEA,
Bergamo,Lombardy,Italy,South,EU,
Diadema,São Paulo,Brazil,South,LATAM,
Vanves,Ile-de-France,France,Central,EU,
Moshi,Kilimanjaro,Tanzania,Africa,Africa,
Jaú,São Paulo,Brazil,South,LATAM,
Caçador,Santa Catarina,Brazil,South,LATAM,
Murrieta,California,United States,West,US,92563.0
La Paz,La Paz,Bolivia,South,LATAM,
San Jose del Monte,Central Luzon,Philippines,Southeast Asia,APAC,
Moorhead,Minnesota,United States,Central,US,56560.0
Lorena,São Paulo,Brazil,South,LATAM,
Northwich,England,United Kingdom,North,EU,
Warangal,Telangana,India,Central Asia,APAC,
Polatli,Ankara,Turkey,EMEA,EMEA,
Dunstable,England,United Kingdom,North,EU,
Ashgabat,Ashgabat,Turkmenistan,EMEA,EMEA,
Florencia,Caquetá,Colombia,South,LATAM,
Dhule,Maharashtra,India,Central Asia,APAC,
Najafabad,Esfahan,Iran,EMEA,EMEA,
Belfort,Franche-Comté,France,Central,EU,
Santa Maria,California,United States,West,US,93454.0
Carlsbad,New Mexico,United States,West,US,88220.0
Lagos de Moreno,Jalisco,Mexico,North,LATAM,
Pontault-Combault,Ile-de-France,France,Central,EU,
Bryan,Texas,United States,Central,US,77803.0
Turgutlu,Manisa,Turkey,EMEA,EMEA,
Athens,Georgia,United States,South,US,30605.0
Pesaro,Marche,Italy,South,EU,
Saint Petersburg,Florida,United States,South,US,33710.0
Quincy,Massachusetts,United States,East,US,2169.0
Iasi,Iasi,Romania,EMEA,EMEA,
Mossoró,Rio Grande do Norte,Brazil,South,LATAM,
Friedberg,Hesse,Germany,Central,EU,
Lancaster,Pennsylvania,United States,East,US,17602.0
Puyang,Henan,China,North Asia,APAC,
Puerto Montt,Los Lagos,Chile,South,LATAM,
Al Fayyum,Al Fayyum,Egypt,Africa,Africa,
Irbid,Irbid,Jordan,EMEA,EMEA,
Barbacena,Minas Gerais,Brazil,South,LATAM,
Zhumadian,Henan,China,North Asia,APAC,
Arak,Markazi,Iran,EMEA,EMEA,
Perpignan,Languedoc-Roussillon,France,Central,EU,
Westfield,New Jersey,United States,East,US,7090.0
Waco,Texas,United States,Central,US,76706.0
Ludwigsburg,Baden-Württemberg,Germany,Central,EU,
Franconville,Ile-de-France,France,Central,EU,
Penedo,Alagoas,Brazil,South,LATAM,
Dniprodzerzhyns'k,Dnipropetrovs'k,Ukraine,EMEA,EMEA,
Korhogo,Savanes,Cote d'Ivoire,Africa,Africa,
Flers,Lower Normandy,France,Central,EU,
Tarnow,Lesser Poland,Poland,EMEA,EMEA,
Lohne,Lower Saxony,Germany,Central,EU,
Musoma,Mara,Tanzania,Africa,Africa,
Mbeya,Mbeya,Tanzania,Africa,Africa,
Kasugai,Aichi,Japan,North Asia,APAC,
Senhor do Bonfim,Bahia,Brazil,South,LATAM,
Sallanches,Rhône-Alpes,France,Central,EU,
Apeldoorn,Gelderland,Netherlands,Central,EU,
Karliova,Bingol,Turkey,EMEA,EMEA,
Plaisance-du-Touch,Midi-Pyrénées,France,Central,EU,
Kirsehir,Kirsehir,Turkey,EMEA,EMEA,
Bandar-e Anzali,Gilan,Iran,EMEA,EMEA,
Trieste,Friuli-Venezia Giulia,Italy,South,EU,
Balikesir,Balikesir,Turkey,EMEA,EMEA,
Colombes,Ile-de-France,France,Central,EU,
Acayucan,Veracruz,Mexico,North,LATAM,
Irving,Texas,United States,Central,US,75061.0
Carpi,Emilia-Romagna,Italy,South,EU,
Amol,Mazandaran,Iran,EMEA,EMEA,
Bahawalpur,Punjab,Pakistan,Central Asia,APAC,
Zabol,Sistan Va Baluchestan,Iran,EMEA,EMEA,
Reus,Catalonia,Spain,South,EU,
Braga,Braga,Portugal,South,EU,
Badajoz,Extremadura,Spain,South,EU,
Hayange,Lorraine,France,Central,EU,
Bejaia,Bejaia,Algeria,Africa,Africa,
Unna,North Rhine-Westphalia,Germany,Central,EU,
Texarkana,Arkansas,United States,South,US,71854.0
Sucre,Chuquisaca,Bolivia,South,LATAM,
Ontario,California,United States,West,US,91761.0
La Roche-sur-Yon,Pays de la Loire,France,Central,EU,
Almelo,Overijssel,Netherlands,Central,EU,
Vacaria,Rio Grande do Sul,Brazil,South,LATAM,
Marbella,Andalusía,Spain,South,EU,
Lake Charles,Louisiana,United States,South,US,70601.0
Malatya,Malatya,Turkey,EMEA,EMEA,
Bezerros,Pernambuco,Brazil,South,LATAM,
Al Hufuf,Ash Sharqiyah,Saudi Arabia,EMEA,EMEA,
Bagé,Rio Grande do Sul,Brazil,South,LATAM,
Delft,South Holland,Netherlands,Central,EU,
Sittard,Limburg,Netherlands,Central,EU,
Panihati,West Bengal,India,Central Asia,APAC,
Hidalgo,Michoacán,Mexico,North,LATAM,
Choisy-le-Roi,Ile-de-France,France,Central,EU,
Raipur,Rajasthan,India,Central Asia,APAC,
Uithoorn,North Holland,Netherlands,Central,EU,
Sioux Falls,South Dakota,United States,Central,US,57103.0
Eragny,Ile-de-France,France,Central,EU,
Lake Elsinore,California,United States,West,US,92530.0
Rosarito,Baja California,Mexico,North,LATAM,
New Rochelle,New York,United States,East,US,10801.0
Chandigarh,Chandigarh,India,Central Asia,APAC,
Sagamihara,Kanagawa,Japan,North Asia,APAC,
Xichang,Sichuan,China,North Asia,APAC,
Cagnes-sur-Mer,Provence-Alpes-Côte d'Azur,France,Central,EU,
Zabrze,Silesia,Poland,EMEA,EMEA,
Molina de Segura,Murcia,Spain,South,EU,
Matadi,Bas-Congo,Democratic Republic of the Congo,Africa,Africa,
Kaiyuan,Yunnan,China,North Asia,APAC,
Esquina,Corrientes,Argentina,South,LATAM,
Saveh,Markazi,Iran,EMEA,EMEA,
Cankaya,Ankara,Turkey,EMEA,EMEA,
Uruguaiana,Rio Grande do Sul,Brazil,South,LATAM,
Valence,Rhône-Alpes,France,Central,EU,
Chitungwiza,Harare,Zimbabwe,Africa,Africa,
East London,Eastern Cape,South Africa,Africa,Africa,
Conway,Arkansas,United States,South,US,72032.0
Maiduguri,Borno,Nigeria,Africa,Africa,
Gonesse,Ile-de-France,France,Central,EU,
Schiedam,South Holland,Netherlands,Central,EU,
Hattiesburg,Mississippi,United States,South,US,39401.0
Wetter (Ruhr),North Rhine-Westphalia,Germany,Central,EU,
Floridablanca,Santander,Colombia,South,LATAM,
Halifax,England,United Kingdom,North,EU,
Bebington,England,United Kingdom,North,EU,
Saint-Cloud,Ile-de-France,France,Central,EU,
Pontes e Lacerda,Mato Grosso,Brazil,South,LATAM,
Solihull,England,United Kingdom,North,EU,
Iskenderun,Hatay,Turkey,EMEA,EMEA,
Canakkale,Canakkale,Turkey,EMEA,EMEA,
Freeport,New York,United States,East,US,11520.0
Kozan,Adana,Turkey,EMEA,EMEA,
Helena,Montana,United States,West,US,59601.0
Vlore,Vlorë,Albania,EMEA,EMEA,
Monza,Lombardy,Italy,South,EU,
Palm Coast,Florida,United States,South,US,32137.0
São Pedro da Aldeia,Rio de Janeiro,Brazil,South,LATAM,
Uvira,South Kivu,Democratic Republic of the Congo,Africa,Africa,
Edogawa-ku,Tokyo,Japan,North Asia,APAC,
Cirebon,Jawa Barat,Indonesia,Southeast Asia,APAC,
Kokshetau,Aqmola,Kazakhstan,EMEA,EMEA,
Brussels,Brussels,Belgium,Central,EU,
Yancheng,Jiangsu,China,North Asia,APAC,
Saanich,British Columbia,Canada,Canada,Canada,
Manteca,California,United States,West,US,95336.0
Neuilly-sur-Marne,Ile-de-France,France,Central,EU,
Nakhon Ratchasima,Nakhon Ratchasima,Thailand,Southeast Asia,APAC,
Saint-Avold,Lorraine,France,Central,EU,
Gaziemir,Izmir,Turkey,EMEA,EMEA,
Edinburg,Texas,United States,Central,US,78539.0
Hengelo,Overijssel,Netherlands,Central,EU,
Pekalongan,Jawa Tengah,Indonesia,Southeast Asia,APAC,
Naumburg,Saxony-Anhalt,Germany,Central,EU,
Civitavecchia,Lazio,Italy,South,EU,
Dinslaken,North Rhine-Westphalia,Germany,Central,EU,
Pila,Greater Poland,Poland,EMEA,EMEA,
Moreno Valley,California,United States,West,US,92553.0
Antalya,Antalya,Turkey,EMEA,EMEA,
Epinal,Lorraine,France,Central,EU,
Grasse,Provence-Alpes-Côte d'Azur,France,Central,EU,
Ipswich,England,United Kingdom,North,EU,
East Kilbride,Scotland,United Kingdom,North,EU,
Chorzow,Silesia,Poland,EMEA,EMEA,
Montfermeil,Ile-de-France,France,Central,EU,
Gummersbach,North Rhine-Westphalia,Germany,Central,EU,
Marsala,Sicily,Italy,South,EU,
Suwon,Gyeonggi,South Korea,North Asia,APAC,
Buca,Izmir,Turkey,EMEA,EMEA,
Sant Boi de Llobregat,Catalonia,Spain,South,EU,
Van,Van,Turkey,EMEA,EMEA,
Hackensack,New Jersey,United States,East,US,7601.0
Guzmán,Jalisco,Mexico,North,LATAM,
Cruz das Almas,Bahia,Brazil,South,LATAM,
Cipolletti,Río Negro,Argentina,South,LATAM,
Siping,Jilin,China,North Asia,APAC,
Arauca,Arauca,Colombia,South,LATAM,
Sukabumi,Jawa Barat,Indonesia,Southeast Asia,APAC,
Registro,São Paulo,Brazil,South,LATAM,
Sevastopol,Sevastopol',Ukraine,EMEA,EMEA,
Langenfeld,North Rhine-Westphalia,Germany,Central,EU,
Mirzapur,Uttar Pradesh,India,Central Asia,APAC,
Rome,New York,United States,East,US,13440.0
Zeist,Utrecht,Netherlands,Central,EU,
Benevento,Campania,Italy,South,EU,
Kotka,Kymenlaakso,Finland,North,EU,
Baní,Peravia,Dominican Republic,Caribbean,LATAM,
Ibaraki,Osaka,Japan,North Asia,APAC,
Taza,Taza-Al Hoceima-Taounate,Morocco,Africa,Africa,
Quixadá,Ceará,Brazil,South,LATAM,
Yao,Osaka,Japan,North Asia,APAC,
Porlamar,Nueva Esparta,Venezuela,South,LATAM,
Qarshi,Qashqadaryo,Uzbekistan,EMEA,EMEA,
Ternopil',Ternopil',Ukraine,EMEA,EMEA,
Le Blanc-Mesnil,Ile-de-France,France,Central,EU,
Tangerang,Jawa Barat,Indonesia,Southeast Asia,APAC,
Centurion,Gauteng,South Africa,Africa,Africa,
Delray Beach,Florida,United States,South,US,33445.0
Pembroke Pines,Florida,United States,South,US,33024.0
Ipiales,Nariño,Colombia,South,LATAM,
Bristol,Connecticut,United States,East,US,6010.0
Bratsk,Irkutsk,Russia,EMEA,EMEA,
Sialkot,Punjab,Pakistan,Central Asia,APAC,
Pessac,Aquitaine,France,Central,EU,
Rizhao,Shandong,China,North Asia,APAC,
Nha Trang,Khánh Hòa,Vietnam,Southeast Asia,APAC,
Freiburg,Baden-Württemberg,Germany,Central,EU,
Ocaña,Norte de Santander,Colombia,South,LATAM,
Bezons,Ile-de-France,France,Central,EU,
Yambol,Yambol,Bulgaria,EMEA,EMEA,
Shangzhi,Heilongjiang,China,North Asia,APAC,
Oktyabr'skiy,Bashkortostan,Russia,EMEA,EMEA,
Senlis,Picardy,France,Central,EU,
Mar del Plata,Provincia de Buenos Aires,Argentina,South,LATAM,
Dire Dawa,Dire Dawa,Ethiopia,Africa,Africa,
Agrigento,Sicily,Italy,South,EU,
Sale,England,United Kingdom,North,EU,
Cambrai,Nord-Pas-de-Calais,France,Central,EU,
Aba,Abia,Nigeria,Africa,Africa,
Poços de Caldas,Minas Gerais,Brazil,South,LATAM,
Vaulx-en-Velin,Rhône-Alpes,France,Central,EU,
Butare,Southern,Rwanda,Africa,Africa,
Asunción,Asunción,Paraguay,South,LATAM,
Mendoza,Mendoza,Argentina,South,LATAM,
Southport,England,United Kingdom,North,EU,
Missoula,Montana,United States,West,US,59801.0
Itaúna,Minas Gerais,Brazil,South,LATAM,
Sabzevar,Razavi Khorasan,Iran,EMEA,EMEA,
Markham,Ontario,Canada,Canada,Canada,
Sangli,Maharashtra,India,Central Asia,APAC,
Bremerhaven,Bremen,Germany,Central,EU,
Miramar,Florida,United States,South,US,33023.0
Drobeta-Turnu Severin,Mehedinti,Romania,EMEA,EMEA,
Jodhpur,Gujarat,India,Central Asia,APAC,
Bo,Southern,Sierra Leone,Africa,Africa,
Acireale,Sicily,Italy,South,EU,
Laon,Picardy,France,Central,EU,
Hampton,Virginia,United States,South,US,23666.0
Redding,California,United States,West,US,96003.0
Corlu,Tekirdag,Turkey,EMEA,EMEA,
Baia Mare,Maramures,Romania,EMEA,EMEA,
San José de Guanipa,Anzoátegui,Venezuela,South,LATAM,
Nagaoka,Shizuoka,Japan,North Asia,APAC,
Durgapur,West Bengal,India,Central Asia,APAC,
Mâcon,Burgundy,France,Central,EU,
Zhaoyuan,Heilongjiang,China,North Asia,APAC,
Tyler,Texas,United States,Central,US,75701.0
Ploemeur,Brittany,France,Central,EU,
La Paz,Baja California Sur,Mexico,North,LATAM,
Innsbruck,Tyrol,Austria,EMEA,EMEA,
Vertou,Pays de la Loire,France,Central,EU,
Holyoke,Massachusetts,United States,East,US,1040.0
Mauguio,Languedoc-Roussillon,France,Central,EU,
Funabashi,Chiba,Japan,North Asia,APAC,
Elazig,Elazig,Turkey,EMEA,EMEA,
San Justo,Santa Fe,Argentina,South,LATAM,
Santo Domingo de los Colorados,Pichincha,Ecuador,South,LATAM,
Gladbeck,North Rhine-Westphalia,Germany,Central,EU,
Woodland,California,United States,West,US,95695.0
Korla,Xinjiang Uygur,China,North Asia,APAC,
Maisons-Alfort,Ile-de-France,France,Central,EU,
Bisceglie,Apulia,Italy,South,EU,
Draper,Utah,United States,West,US,84020.0
Jurema,Pernambuco,Brazil,South,LATAM,
Bijapur,Karnataka,India,Central Asia,APAC,
Witten,North Rhine-Westphalia,Germany,Central,EU,
Marina di Carrara,Tuscany,Italy,South,EU,
Taboão da Serra,São Paulo,Brazil,South,LATAM,
Meaux,Ile-de-France,France,Central,EU,
Alcobendas,Madrid,Spain,South,EU,
Cuxhaven,Lower Saxony,Germany,Central,EU,
Natitingou,Atakora,Benin,Africa,Africa,
Basingstoke,England,United Kingdom,North,EU,
Czestochowa,Silesia,Poland,EMEA,EMEA,
Lebanon,Tennessee,United States,South,US,37087.0
Pinheiro,Maranhão,Brazil,South,LATAM,
Albi,Midi-Pyrénées,France,Central,EU,
Wuzhou,Guangxi,China,North Asia,APAC,
Ilorin,Kwara,Nigeria,Africa,Africa,
Barreirinhas,Maranhão,Brazil,South,LATAM,
East Orange,New Jersey,United States,East,US,7017.0
Goussainville,Ile-de-France,France,Central,EU,
Qostanay,Qostanay,Kazakhstan,EMEA,EMEA,
Vineland,New Jersey,United States,East,US,8360.0
Cesena,Emilia-Romagna,Italy,South,EU,
Shahreza,Esfahan,Iran,EMEA,EMEA,
Settat,Chaouia-Ouardigha,Morocco,Africa,Africa,
Rancho Cucamonga,California,United States,West,US,91730.0
Ercolano,Campania,Italy,South,EU,
Vitry-sur-Seine,Ile-de-France,France,Central,EU,
Cavaillon,Provence-Alpes-Côte d'Azur,France,Central,EU,
Chesterfield,England,United Kingdom,North,EU,
Gien,Centre,France,Central,EU,
Port Said,Bur Sa'id,Egypt,Africa,Africa,
Solna,Stockholm,Sweden,North,EU,
Nikopol',Dnipropetrovs'k,Ukraine,EMEA,EMEA,
San Angelo,Texas,United States,Central,US,76903.0
Hadera,Haifa,Israel,EMEA,EMEA,
Itapecerica da Serra,São Paulo,Brazil,South,LATAM,
Ocotlán,Jalisco,Mexico,North,LATAM,
Vilhena,Rondônia,Brazil,South,LATAM,
Tel Aviv,Tel Aviv,Israel,EMEA,EMEA,
Taylor,Michigan,United States,Central,US,48180.0
Antofagasta,Antofagasta,Chile,South,LATAM,
Shrewsbury,England,United Kingdom,North,EU,
Evreux,Upper Normandy,France,Central,EU,
Mouscron,Hainaut,Belgium,Central,EU,
Bucaramanga,Santander,Colombia,South,LATAM,
Piotrkow Trybunalski,Lodz,Poland,EMEA,EMEA,
Jiaxing,Zhejiang,China,North Asia,APAC,
Zhangjiakou,Hebei,China,North Asia,APAC,
Andijon,Andijan,Uzbekistan,EMEA,EMEA,
Arnsberg,North Rhine-Westphalia,Germany,Central,EU,
Les Pennes-Mirabeau,Provence-Alpes-Côte d'Azur,France,Central,EU,
Harare,Harare,Zimbabwe,Africa,Africa,
Saint Louis,Missouri,United States,Central,US,63116.0
Boghni,Tizi Ouzou,Algeria,Africa,Africa,
Runcorn,England,United Kingdom,North,EU,
Las Piedras,Canelones,Uruguay,South,LATAM,
Changde,Hunan,China,North Asia,APAC,
Puerto Padre,Las Tunas,Cuba,Caribbean,LATAM,
Carquefou,Pays de la Loire,France,Central,EU,
Cedar Rapids,Iowa,United States,Central,US,52402.0
Kenitra,Gharb-Chrarda-Béni Hssen,Morocco,Africa,Africa,
Caserta,Campania,Italy,South,EU,
Saint-Quentin,Picardy,France,Central,EU,
Osmaniye,Osmaniye,Turkey,EMEA,EMEA,
Miami,Florida,United States,South,US,33178.0
Posadas,Misiones,Argentina,South,LATAM,
Brumado,Bahia,Brazil,South,LATAM,
Xianning,Hubei,China,North Asia,APAC,
Chattanooga,Tennessee,United States,South,US,37421.0
Salem,Virginia,United States,South,US,24153.0
Khorramshahr,Khuzestan,Iran,EMEA,EMEA,
Eskilstuna,Södermanland,Sweden,North,EU,
Jalna,Maharashtra,India,Central Asia,APAC,
Pavlodar,Pavlodar,Kazakhstan,EMEA,EMEA,
Tartu,Tartumaa,Estonia,EMEA,EMEA,
Encinitas,California,United States,West,US,92024.0
Sidi Bel Abbes,Sidi Bel Abbes,Algeria,Africa,Africa,
Kampala,Kampala,Uganda,Africa,Africa,
Qazvin,Qazvin,Iran,EMEA,EMEA,
Igdir,Igdir,Turkey,EMEA,EMEA,
Louviers,Upper Normandy,France,Central,EU,
Guanare,Portuguesa,Venezuela,South,LATAM,
Mallawi,Al Minya,Egypt,Africa,Africa,
Bedford,Texas,United States,Central,US,76021.0
Kettering,England,United Kingdom,North,EU,
Leverkusen,North Rhine-Westphalia,Germany,Central,EU,
Zenica,Federation of Bosnia and Herzegovina,Bosnia and Herzegovina,EMEA,EMEA,
Miass,Chelyabinsk,Russia,EMEA,EMEA,
Tychy,Silesia,Poland,EMEA,EMEA,
Khenifra,Meknès-Tafilalet,Morocco,Africa,Africa,
Drogobych,L'viv,Ukraine,EMEA,EMEA,
Visalia,California,United States,West,US,93277.0
Balmazujvaros,Hajdu-Bihar,Hungary,EMEA,EMEA,
Guatemala City,Guatemala,Guatemala,Central,LATAM,
Fleury-les-Aubrais,Centre,France,Central,EU,
Mohammedia,Grand Casablanca,Morocco,Africa,Africa,
Hendersonville,Tennessee,United States,South,US,37075.0
Acarigua,Portuguesa,Venezuela,South,LATAM,
Maturín,Monagas,Venezuela,South,LATAM,
Nitra,Nitra,Slovakia,EMEA,EMEA,
Barquisimeto,Lara,Venezuela,South,LATAM,
League City,Texas,United States,Central,US,77573.0
San Martín,Cuscatlán,El Salvador,Central,LATAM,
Barneveld,Gelderland,Netherlands,Central,EU,
Tarsus,Mersin,Turkey,EMEA,EMEA,
Pirapora,Minas Gerais,Brazil,South,LATAM,
Rapid City,South Dakota,United States,Central,US,57701.0
Bellary,Karnataka,India,Central Asia,APAC,
Frankfort,Illinois,United States,Central,US,60423.0
Gubkin,Belgorod,Russia,EMEA,EMEA,
Velbert,North Rhine-Westphalia,Germany,Central,EU,
Colombo,Western,Sri Lanka,Central Asia,APAC,
Mau,Uttar Pradesh,India,Central Asia,APAC,
Zwolle,Overijssel,Netherlands,Central,EU,
Messaad,Djelfa,Algeria,Africa,Africa,
Umuarama,Parana,Brazil,South,LATAM,
Park Ridge,Illinois,United States,Central,US,60068.0
Norwich,Connecticut,United States,East,US,6360.0
Kayseri,Kayseri,Turkey,EMEA,EMEA,
Corum,Corum,Turkey,EMEA,EMEA,
Manisa,Manisa,Turkey,EMEA,EMEA,
Domont,Ile-de-France,France,Central,EU,
Neuilly-Plaisance,Ile-de-France,France,Central,EU,
Lins,São Paulo,Brazil,South,LATAM,
Antakya,Hatay,Turkey,EMEA,EMEA,
St. Catharines,Ontario,Canada,Canada,Canada,
Blois,Centre,France,Central,EU,
Ikot Ekpene,Akwa Ibom,Nigeria,Africa,Africa,
Manhattan,Kansas,United States,Central,US,66502.0
Tournai,Hainaut,Belgium,Central,EU,
Montceau-les-Mines,Burgundy,France,Central,EU,
The Colony,Texas,United States,Central,US,75056.0
Nigde,Nigde,Turkey,EMEA,EMEA,
Sanford,Florida,United States,South,US,32771.0
Bourgoin-Jallieu,Rhône-Alpes,France,Central,EU,
Lanxi,Zhejiang,China,North Asia,APAC,
Conroe,Texas,United States,Central,US,77301.0
Lianzhou,Guangdong,China,North Asia,APAC,
Mezitli,Mersin,Turkey,EMEA,EMEA,
Sceaux,Ile-de-France,France,Central,EU,
Stavanger,Rogaland,Norway,North,EU,
Eggenstein-Leopoldshafen,Baden-Württemberg,Germany,Central,EU,
Ancona,Marche,Italy,South,EU,
Campeche,Campeche,Mexico,North,LATAM,
Saint-Herblain,Pays de la Loire,France,Central,EU,
Uvarovo,Tambov,Russia,EMEA,EMEA,
Hilden,North Rhine-Westphalia,Germany,Central,EU,
Saint-Nazaire,Pays de la Loire,France,Central,EU,
Navegantes,Santa Catarina,Brazil,South,LATAM,
Saskatoon,Saskatchewan,Canada,Canada,Canada,
Cormeilles-en-Parisis,Ile-de-France,France,Central,EU,
Bhatpara,West Bengal,India,Central Asia,APAC,
Zinder,Zinder,Niger,Africa,Africa,
Covington,Washington,United States,West,US,98042.0
Olathe,Kansas,United States,Central,US,66062.0
Barnsley,England,United Kingdom,North,EU,
La Mesa,California,United States,West,US,91941.0
Sakai,Osaka,Japan,North Asia,APAC,
Malambo,Atlántico,Colombia,South,LATAM,
Mardan,Khyber Pakhtunkhwa,Pakistan,Central Asia,APAC,
Iquitos,Loreto,Peru,South,LATAM,
Randfontein,Gauteng,South Africa,Africa,Africa,
Huddinge,Stockholm,Sweden,North,EU,
Chengjiang,Jiangsu,China,North Asia,APAC,
Lancaster,California,United States,West,US,93534.0
Kuito,Bie,Angola,Africa,Africa,
Pinsk,Brest,Belarus,EMEA,EMEA,
Auch,Midi-Pyrénées,France,Central,EU,
Sahuayo de José María Morelos,Michoacán,Mexico,North,LATAM,
Albertville,Rhône-Alpes,France,Central,EU,
Vittoria,Sicily,Italy,South,EU,
Tetouan,Tanger-Tétouan,Morocco,Africa,Africa,
Langen,Hesse,Germany,Central,EU,
Handa,Aichi,Japan,North Asia,APAC,
Lanester,Brittany,France,Central,EU,
Daytona Beach,Florida,United States,South,US,32114.0
Khouribga,Chaouia-Ouardigha,Morocco,Africa,Africa,
Gardanne,Provence-Alpes-Côte d'Azur,France,Central,EU,
Bloomington,Illinois,United States,Central,US,61701.0
Valdemoro,Madrid,Spain,South,EU,
Gulbarga,Karnataka,India,Central Asia,APAC,
Rockville,Maryland,United States,East,US,20852.0
Fukui,Fukui,Japan,North Asia,APAC,
Salamanca,Castile and León,Spain,South,EU,
Santiago del Estero,Santiago del Estero,Argentina,South,LATAM,
Qidong,Jiangsu,China,North Asia,APAC,
Bajos de Haina,San Cristóbal,Dominican Republic,Caribbean,LATAM,
Forbach,Lorraine,France,Central,EU,
Freeport,Illinois,United States,Central,US,61032.0
Yichun,Jiangxi,China,North Asia,APAC,
Cártama,Andalusía,Spain,South,EU,
Villiers-sur-Marne,Ile-de-France,France,Central,EU,
Minna,Niger,Nigeria,Africa,Africa,
Almaty,Almaty City,Kazakhstan,EMEA,EMEA,
Coatzacoalcos,Veracruz,Mexico,North,LATAM,
Contagem,Minas Gerais,Brazil,South,LATAM,
Niagara Falls,New York,United States,East,US,14304.0
Balti,Balti,Moldova,EMEA,EMEA,
Ulsan,Ulsan,South Korea,North Asia,APAC,
Garden City,Kansas,United States,Central,US,67846.0
Kawaguchi,Saitama,Japan,North Asia,APAC,
Boa Esperança,Minas Gerais,Brazil,South,LATAM,
Armenia,Quindío,Colombia,South,LATAM,
Petare,Miranda,Venezuela,South,LATAM,
Bragança Paulista,São Paulo,Brazil,South,LATAM,
Barretos,São Paulo,Brazil,South,LATAM,
Guidonia Montecelio,Lazio,Italy,South,EU,
Cournon-d'Auvergne,Auvergne,France,Central,EU,
Boulogne-sur-Mer,Nord-Pas-de-Calais,France,Central,EU,
Nkongsamba,Littoral,Cameroon,Africa,Africa,
Palatine,Illinois,United States,Central,US,60067.0
Tianguá,Ceará,Brazil,South,LATAM,
North Charleston,South Carolina,United States,South,US,29406.0
Glenview,Illinois,United States,Central,US,60025.0
Antsiranana,Diana,Madagascar,Africa,Africa,
Valledupar,Cesar,Colombia,South,LATAM,
Pindamonhangaba,São Paulo,Brazil,South,LATAM,
Tampico,Tamaulipas,Mexico,North,LATAM,
Coppell,Texas,United States,Central,US,75019.0
Vignola,Emilia-Romagna,Italy,South,EU,
Jincheng,Shanxi,China,North Asia,APAC,
Gaithersburg,Maryland,United States,East,US,20877.0
Kahramanmaras,Kahramanmaras,Turkey,EMEA,EMEA,
Texas City,Texas,United States,Central,US,77590.0
Kamarhati,West Bengal,India,Central Asia,APAC,
Bandundu,Bandundu,Democratic Republic of the Congo,Africa,Africa,
Chevilly-Larue,Ile-de-France,France,Central,EU,
Kent,Ohio,United States,East,US,44240.0
Port Saint Lucie,Florida,United States,South,US,34952.0
Bolívar,Bolivar,Venezuela,South,LATAM,
Warri,Delta,Nigeria,Africa,Africa,
Delicias,Chihuahua,Mexico,North,LATAM,
Alfortville,Ile-de-France,France,Central,EU,
Yaritagua,Yaracuy,Venezuela,South,LATAM,
Kremenchuk,Poltava,Ukraine,EMEA,EMEA,
Villeparisis,Ile-de-France,France,Central,EU,
Verdun,Lorraine,France,Central,EU,
Berck,Nord-Pas-de-Calais,France,Central,EU,
Roanne,Rhône-Alpes,France,Central,EU,
Warner Robins,Georgia,United States,South,US,31088.0
Mtwara,Mtwara,Tanzania,Africa,Africa,
Banda Aceh,Aceh,Indonesia,Southeast Asia,APAC,
Westland,Michigan,United States,Central,US,48185.0
Jiamusi,Heilongjiang,China,North Asia,APAC,
Roubaix,Nord-Pas-de-Calais,France,Central,EU,
Villeneuve-la-Garenne,Ile-de-France,France,Central,EU,
Katsushika-ku,Tokyo,Japan,North Asia,APAC,
San Mateo,California,United States,West,US,94403.0
Fano,Marche,Italy,South,EU,
Feira,Aveiro,Portugal,South,EU,
Moa,Holguín,Cuba,Caribbean,LATAM,
Viersen,North Rhine-Westphalia,Germany,Central,EU,
Mococa,São Paulo,Brazil,South,LATAM,
Gliwice,Silesia,Poland,EMEA,EMEA,
Estepona,Andalusía,Spain,South,EU,
Dover,Delaware,United States,East,US,19901.0
Mostaganem,Mostaganem,Algeria,Africa,Africa,
Sanary-sur-Mer,Provence-Alpes-Côte d'Azur,France,Central,EU,
Warrnambool,Victoria,Australia,Oceania,APAC,
Mersin,Mersin,Turkey,EMEA,EMEA,
Trinidad,Beni,Bolivia,South,LATAM,
Lisieux,Lower Normandy,France,Central,EU,
Datong,Anhui,China,North Asia,APAC,
Neu-Ulm,Bavaria,Germany,Central,EU,
Getxo,Basque Country,Spain,South,EU,
Soledad Díez Gutiérrez,San Luis Potosí,Mexico,North,LATAM,
Piacenza,Emilia-Romagna,Italy,South,EU,
Clichy,Ile-de-France,France,Central,EU,
Toyohashi,Aichi,Japan,North Asia,APAC,
Milford,Connecticut,United States,East,US,6460.0
Astana,Astana,Kazakhstan,EMEA,EMEA,
Mariupol',Donetsk,Ukraine,EMEA,EMEA,
Garanhuns,Pernambuco,Brazil,South,LATAM,
Zaporizhzhya,Zaporizhzhya,Ukraine,EMEA,EMEA,
Ganganagar,Rajasthan,India,Central Asia,APAC,
Maracay,Aragua,Venezuela,South,LATAM,
Summerville,South Carolina,United States,South,US,29483.0
Asyut,Asyut,Egypt,Africa,Africa,
Vassouras,Rio de Janeiro,Brazil,South,LATAM,
Medea,Medea,Algeria,Africa,Africa,
Viña del Mar,Valparaíso,Chile,South,LATAM,
Halifax,Nova Scotia,Canada,Canada,Canada,
Trani,Apulia,Italy,South,EU,
Toledo,Castile-La Mancha,Spain,South,EU,
Loughborough,England,United Kingdom,North,EU,
Helmond,North Brabant,Netherlands,Central,EU,
Neubrandenburg,Mecklenburg-Vorpommern,Germany,Central,EU,
Buyukcekmece,Istanbul,Turkey,EMEA,EMEA,
Darton,England,United Kingdom,North,EU,
Pingxiang,Jiangxi,China,North Asia,APAC,
Khemisset,Rabat-Salé-Zemmour-Zaer,Morocco,Africa,Africa,
College Station,Texas,United States,Central,US,77840.0
Arcoverde,Pernambuco,Brazil,South,LATAM,
Dzhezkazgan,Qaraghandy,Kazakhstan,EMEA,EMEA,
Bowling Green,Kentucky,United States,South,US,42104.0
Yanji,Jilin,China,North Asia,APAC,
Rhondda,Wales,United Kingdom,North,EU,
Sosnowiec,Silesia,Poland,EMEA,EMEA,
Jequié,Bahia,Brazil,South,LATAM,
Rosny-sous-Bois,Ile-de-France,France,Central,EU,
Chimbote,Ancash,Peru,South,LATAM,
Cartago,Valle del Cauca,Colombia,South,LATAM,
Troyes,Champagne-Ardenne,France,Central,EU,
Fuenlabrada,Madrid,Spain,South,EU,
Konya,Konya,Turkey,EMEA,EMEA,
Wilson,North Carolina,United States,South,US,27893.0
Clacton-on-Sea,England,United Kingdom,North,EU,
Pomezia,Lazio,Italy,South,EU,
Springs,Gauteng,South Africa,Africa,Africa,
Bergheim,North Rhine-Westphalia,Germany,Central,EU,
Abbotsford,British Columbia,Canada,Canada,Canada,
Bruges,West Flanders,Belgium,Central,EU,
Cruzeiro,São Paulo,Brazil,South,LATAM,
Harlingen,Texas,United States,Central,US,78550.0
Bilbeis,Ash Sharqiyah,Egypt,Africa,Africa,
Cumaná,Sucre,Venezuela,South,LATAM,
Vancouver,Washington,United States,West,US,98661.0
Panipat,Haryana,India,Central Asia,APAC,
Bad Waldsee,Baden-Württemberg,Germany,Central,EU,
Udaipur,Tripura,India,Central Asia,APAC,
Eunápolis,Bahia,Brazil,South,LATAM,
Kalundborg,Zealand,Denmark,North,EU,
Bergisch Gladbach,North Rhine-Westphalia,Germany,Central,EU,
Santa Cruz do Sul,Rio Grande do Sul,Brazil,South,LATAM,
Murray,Utah,United States,West,US,84107.0
Gandia,Valenciana,Spain,South,EU,
Grand Rapids,Michigan,United States,Central,US,49505.0
Águas Lindas de Goiás,Goiás,Brazil,South,LATAM,
Moncalieri,Piedmont,Italy,South,EU,
Roermond,Limburg,Netherlands,Central,EU,
Wolfsburg,Lower Saxony,Germany,Central,EU,
Skikda,Skikda,Algeria,Africa,Africa,
Yushu,Jilin,China,North Asia,APAC,
Ostrava,Moravian-Silesian,Czech Republic,EMEA,EMEA,
Valparaíso,Valparaíso,Chile,South,LATAM,
Zacatecas,Zacatecas,Mexico,North,LATAM,
Arrentela,Setúbal,Portugal,South,EU,
Citrus Heights,California,United States,West,US,95610.0
Montesson,Ile-de-France,France,Central,EU,
Hot Springs,Arkansas,United States,South,US,71901.0
Coon Rapids,Minnesota,United States,Central,US,55433.0
Ramat Gan,Tel Aviv,Israel,EMEA,EMEA,
Wendeng,Shandong,China,North Asia,APAC,
Caluire-et-Cuire,Rhône-Alpes,France,Central,EU,
Camaçari,Bahia,Brazil,South,LATAM,
Bialystok,Podlaskie,Poland,EMEA,EMEA,
Apatzingán de la Constitución,Michoacán,Mexico,North,LATAM,
Vespasiano,Minas Gerais,Brazil,South,LATAM,
Cambridge,Massachusetts,United States,East,US,2138.0
Ain Oussera,Djelfa,Algeria,Africa,Africa,
Ji-Paraná,Rondônia,Brazil,South,LATAM,
Kashira,Moscow,Russia,EMEA,EMEA,
Adiyaman,Adiyaman,Turkey,EMEA,EMEA,
Giurgiu,Giurgiu,Romania,EMEA,EMEA,
Barra do Piraí,Rio de Janeiro,Brazil,South,LATAM,
Kulob,Khatlon,Tajikistan,EMEA,EMEA,
Las Cruces,New Mexico,United States,West,US,88001.0
Pontevedra,Galicia,Spain,South,EU,
Esbjerg,South Denmark,Denmark,North,EU,
Arezzo,Tuscany,Italy,South,EU,
Mijas,Andalusía,Spain,South,EU,
Chimoio,Manica,Mozambique,Africa,Africa,
Sanliurfa,Sanliurfa,Turkey,EMEA,EMEA,
Camocim,Ceará,Brazil,South,LATAM,
Pestovo,Novgorod,Russia,EMEA,EMEA,
Argentan,Lower Normandy,France,Central,EU,
Saint Charles,Missouri,United States,Central,US,63301.0
Sarreguemines,Lorraine,France,Central,EU,
Waiblingen,Baden-Württemberg,Germany,Central,EU,
Vigneux-sur-Seine,Ile-de-France,France,Central,EU,
Tlemcen,Tlemcen,Algeria,Africa,Africa,
Fresnillo de González Echeverría,Zacatecas,Mexico,North,LATAM,
Javanrud,Kermanshah,Iran,EMEA,EMEA,
Rochefort,Poitou-Charentes,France,Central,EU,
Belgorod,Belgorod,Russia,EMEA,EMEA,
Molfetta,Apulia,Italy,South,EU,
Westonaria,Gauteng,South Africa,Africa,Africa,
Majadahonda,Madrid,Spain,South,EU,
Maisons-Laffitte,Ile-de-France,France,Central,EU,
Floriano,Piauí,Brazil,South,LATAM,
Terneuzen,Zeeland,Netherlands,Central,EU,
Les Lilas,Ile-de-France,France,Central,EU,
Sliven,Sliven,Bulgaria,EMEA,EMEA,
Sagunto,Valenciana,Spain,South,EU,
Sapele,Delta,Nigeria,Africa,Africa,
Avellino,Campania,Italy,South,EU,
Baraki,Tipaza,Algeria,Africa,Africa,
Echuca,Victoria,Australia,Oceania,APAC,
Turkmenabat,Lebap,Turkmenistan,EMEA,EMEA,
Oriximiná,Pará,Brazil,South,LATAM,
Erechim,Rio Grande do Sul,Brazil,South,LATAM,
Leeuwarden,Friesland,Netherlands,Central,EU,
Yiwu,Zhejiang,China,North Asia,APAC,
Ayacucho,Ayacucho,Peru,South,LATAM,
San Marcos,Texas,United States,Central,US,78666.0
Corrientes,Corrientes,Argentina,South,LATAM,
Ziguinchor,Ziguinchor,Senegal,Africa,Africa,
Briton Ferry,Wales,United Kingdom,North,EU,
Barry,Wales,United Kingdom,North,EU,
Yazd,Yazd,Iran,EMEA,EMEA,
Qena,Qina,Egypt,Africa,Africa,
Hinckley,England,United Kingdom,North,EU,
Guarapari,Espírito Santo,Brazil,South,LATAM,
Lund,Skåne,Sweden,North,EU,
Montargis,Centre,France,Central,EU,
La Celle-Saint-Cloud,Ile-de-France,France,Central,EU,
Abu Kabir,Ash Sharqiyah,Egypt,Africa,Africa,
Caldwell,Idaho,United States,West,US,83605.0
Lianzhou,Guangxi,China,North Asia,APAC,
Xinzhou,Hubei,China,North Asia,APAC,
Braila,Braila,Romania,EMEA,EMEA,
Lianyuan,Hunan,China,North Asia,APAC,
Itapecuru Mirim,Maranhão,Brazil,South,LATAM,
Damaturu,Yobe,Nigeria,Africa,Africa,
Duzce,Düzce,Turkey,EMEA,EMEA,
Kayes,Kayes,Mali,Africa,Africa,
Santa Fe,Santa Fe,Argentina,South,LATAM,
Grove City,Ohio,United States,East,US,43123.0
Rochester Hills,Michigan,United States,Central,US,48307.0
Bamberg,Bavaria,Germany,Central,EU,
Alphen aan den Rijn,South Holland,Netherlands,Central,EU,
Sogamoso,Boyacá,Colombia,South,LATAM,
Oakville,Ontario,Canada,Canada,Canada,
El Escorial,Madrid,Spain,South,EU,
Cary,North Carolina,United States,South,US,27511.0
Haltom City,Texas,United States,Central,US,76117.0
Avellaneda,Santa Fe,Argentina,South,LATAM,
Treviglio,Lombardy,Italy,South,EU,
Lons-le-Saunier,Franche-Comté,France,Central,EU,
Oullins,Rhône-Alpes,France,Central,EU,
Indaiatuba,São Paulo,Brazil,South,LATAM,
Hemel Hempstead,England,United Kingdom,North,EU,
Mannheim,Baden-Württemberg,Germany,Central,EU,
Juazeiro,Bahia,Brazil,South,LATAM,
Le Creusot,Burgundy,France,Central,EU,
Longueuil,Quebec,Canada,Canada,Canada,
Limbe,Sud-Ouest,Cameroon,Africa,Africa,
Temirtau,Qaraghandy,Kazakhstan,EMEA,EMEA,
Linz,Upper Austria,Austria,EMEA,EMEA,
Mysore,Karnataka,India,Central Asia,APAC,
Hohhot,Inner Mongolia,China,North Asia,APAC,
Woonsocket,Rhode Island,United States,East,US,2895.0
Kars,Kars,Turkey,EMEA,EMEA,
Eskisehir,Eskisehir,Turkey,EMEA,EMEA,
Oyama,Tochigi,Japan,North Asia,APAC,
Cosenza,Calabria,Italy,South,EU,
Xiangfan,Hubei,China,North Asia,APAC,
Jizzakh,Jizzakh,Uzbekistan,EMEA,EMEA,
Zielona Gora,Lubusz,Poland,EMEA,EMEA,
Fareham,England,United Kingdom,North,EU,
Boynton Beach,Florida,United States,South,US,33437.0
Juliaca,Puno,Peru,South,LATAM,
Bielsko-Biala,Silesia,Poland,EMEA,EMEA,
Qaraghandy,Qaraghandy,Kazakhstan,EMEA,EMEA,
Potenza,Basilicata,Italy,South,EU,
Dourados,Mato Grosso do Sul,Brazil,South,LATAM,
Allen,Texas,United States,Central,US,75002.0
Montgeron,Ile-de-France,France,Central,EU,
Windsor,Ontario,Canada,Canada,Canada,
Ennigerloh,North Rhine-Westphalia,Germany,Central,EU,
Aalst,East Flanders,Belgium,Central,EU,
Stara Zagora,Stara Zagora,Bulgaria,EMEA,EMEA,
Rijeka,Primorsko-Goranska,Croatia,EMEA,EMEA,
Hamilton,Ohio,United States,East,US,45011.0
Catanduva,São Paulo,Brazil,South,LATAM,
Bafoussam,Ouest,Cameroon,Africa,Africa,
Cinisello Balsamo,Lombardy,Italy,South,EU,
Tokat,Tokat,Turkey,EMEA,EMEA,
Sonneberg,Thuringia,Germany,Central,EU,
Dordrecht,South Holland,Netherlands,Central,EU,
Etimesgut,Ankara,Turkey,EMEA,EMEA,
Tanggu,Tianjin,China,North Asia,APAC,
Marion,Iowa,United States,Central,US,52302.0
Guimarães,Braga,Portugal,South,EU,
Odessa,Texas,United States,Central,US,79762.0
Saint-Pol-sur-Mer,Nord-Pas-de-Calais,France,Central,EU,
Turmero,Aragua,Venezuela,South,LATAM,
Palmira,Valle del Cauca,Colombia,South,LATAM,
Ilo,Moquegua,Peru,South,LATAM,
Hamme,East Flanders,Belgium,Central,EU,
Wenling,Zhejiang,China,North Asia,APAC,
Urganch,Khorezm,Uzbekistan,EMEA,EMEA,
Assen,Drenthe,Netherlands,Central,EU,
Sivas,Sivas,Turkey,EMEA,EMEA,
Passau,Bavaria,Germany,Central,EU,
Shagamu,Ogun,Nigeria,Africa,Africa,
Enschede,Overijssel,Netherlands,Central,EU,
Southampton,England,United Kingdom,North,EU,
Lorient,Brittany,France,Central,EU,
Ilhéus,Bahia,Brazil,South,LATAM,
An Nasiriyah,Dhi Qar,Iraq,EMEA,EMEA,
San Luis Río Colorado,Sonora,Mexico,North,LATAM,
Kurashiki,Okayama,Japan,North Asia,APAC,
Elbeuf,Upper Normandy,France,Central,EU,
Lincoln Park,Michigan,United States,Central,US,48146.0
Purmerend,North Holland,Netherlands,Central,EU,
Kabwe,Central,Zambia,Africa,Africa,
Sarkand,Almaty,Kazakhstan,EMEA,EMEA,
Elkhart,Indiana,United States,Central,US,46514.0
Owerri,Imo,Nigeria,Africa,Africa,
Les Pavillons-sous-Bois,Ile-de-France,France,Central,EU,
Gulu,Gulu,Uganda,Africa,Africa,
Taizhou,Jiangsu,China,North Asia,APAC,
Nuneaton,England,United Kingdom,North,EU,
Willich,North Rhine-Westphalia,Germany,Central,EU,
Tremblay-en-France,Ile-de-France,France,Central,EU,
Quincy,Illinois,United States,Central,US,62301.0
San Salvador de Jujuy,Jujuy,Argentina,South,LATAM,
Tsukuba,Ibaraki,Japan,North Asia,APAC,
Durg,Chhattisgarh,India,Central Asia,APAC,
Lida,Hrodna,Belarus,EMEA,EMEA,
High Wycombe,England,United Kingdom,North,EU,
Palo Negro,Aragua,Venezuela,South,LATAM,
Banjarmasin,Kalimantan Selatan,Indonesia,Southeast Asia,APAC,
Orland Park,Illinois,United States,Central,US,60462.0
Meridian,Idaho,United States,West,US,83642.0
Macon,Georgia,United States,South,US,31204.0
Onitsha,Anambra,Nigeria,Africa,Africa,
Sonipat,Haryana,India,Central Asia,APAC,
Beipiao,Liaoning,China,North Asia,APAC,
Marlborough,Massachusetts,United States,East,US,1752.0
Arapiraca,Alagoas,Brazil,South,LATAM,
Santa Rosa,La Pampa,Argentina,South,LATAM,
Anzio,Lazio,Italy,South,EU,
Holland,Michigan,United States,Central,US,49423.0
Banska Bystrica,Banská Bystrica,Slovakia,EMEA,EMEA,
Commerce City,Colorado,United States,West,US,80022.0
Kerpen,North Rhine-Westphalia,Germany,Central,EU,
Edea,Littoral,Cameroon,Africa,Africa,
Taunton,England,United Kingdom,North,EU,
Acámbaro,Guanajuato,Mexico,North,LATAM,
Ariquemes,Rondônia,Brazil,South,LATAM,
Rio Grande,Rio Grande do Sul,Brazil,South,LATAM,
Loudi,Hunan,China,North Asia,APAC,
Bristol,Tennessee,United States,South,US,37620.0
Palmares,Pernambuco,Brazil,South,LATAM,
Guarujá,São Paulo,Brazil,South,LATAM,
Lingolsheim,Alsace,France,Central,EU,
Quebec,Quebec,Canada,Canada,Canada,
Montbrison,Rhône-Alpes,France,Central,EU,
Guaratinguetá,São Paulo,Brazil,South,LATAM,
Flensburg,Schleswig-Holstein,Germany,Central,EU,
Yangjiang,Guangdong,China,North Asia,APAC,
Bujumbura,Bujumbura-Mairie,Burundi,Africa,Africa,
Maastricht,Limburg,Netherlands,Central,EU,
Laguna Niguel,California,United States,West,US,92677.0
Puno,Puno,Peru,South,LATAM,
Kismaayo,Jubbada Hoose,Somalia,Africa,Africa,
Beaune,Burgundy,France,Central,EU,
Pazardzhik,Pazardzhik,Bulgaria,EMEA,EMEA,
Asahikawa,Hokkaido,Japan,North Asia,APAC,
Linden,New Jersey,United States,East,US,7036.0
Tabora,Tabora,Tanzania,Africa,Africa,
Champaign,Illinois,United States,Central,US,61821.0
Zihuatanejo,Guerrero,Mexico,North,LATAM,
Jacobina,Bahia,Brazil,South,LATAM,
Deyang,Sichuan,China,North Asia,APAC,
Neuquén,Neuquén,Argentina,South,LATAM,
Chatham,England,United Kingdom,North,EU,
Inegol,Bursa,Turkey,EMEA,EMEA,
Mopti,Mopti,Mali,Africa,Africa,
Fianarantsoa,Haute-Matsiatra,Madagascar,Africa,Africa,
Wausau,Wisconsin,United States,Central,US,54401.0
Ichikawa,Chiba,Japan,North Asia,APAC,
Cajamarca,Cajamarca,Peru,South,LATAM,
Coachella,California,United States,West,US,92236.0
Kortrijk,West Flanders,Belgium,Central,EU,
Baqubah,Diyala,Iraq,EMEA,EMEA,
Alessandria,Piedmont,Italy,South,EU,
Gela,Sicily,Italy,South,EU,
Parakou,Borgou,Benin,Africa,Africa,
La Rioja,La Rioja,Argentina,South,LATAM,
Jaworzno,Silesia,Poland,EMEA,EMEA,
Bahía Blanca,Provincia de Buenos Aires,Argentina,South,LATAM,
Ronchin,Nord-Pas-de-Calais,France,Central,EU,
Rustenburg,North-West,South Africa,Africa,Africa,
Chaumont,Champagne-Ardenne,France,Central,EU,
Birobidzhan,Yevrey,Russia,EMEA,EMEA,
Caraguatatuba,São Paulo,Brazil,South,LATAM,
Peterborough,Ontario,Canada,Canada,Canada,
Littleton,Colorado,United States,West,US,80122.0
Samsun,Samsun,Turkey,EMEA,EMEA,
Foshan,Guangdong,China,North Asia,APAC,
Usol'ye-Sibirskoye,Irkutsk,Russia,EMEA,EMEA,
Arad,Arad,Romania,EMEA,EMEA,
West Jordan,Utah,United States,West,US,84084.0
Nijmegen,Gelderland,Netherlands,Central,EU,
Tatuí,São Paulo,Brazil,South,LATAM,
Shushtar,Khuzestan,Iran,EMEA,EMEA,
Kenner,Louisiana,United States,South,US,70065.0
Maidstone,England,United Kingdom,North,EU,
Villavicencio,Meta,Colombia,South,LATAM,
Tongzhou,Beijing,China,North Asia,APAC,
Bolingbrook,Illinois,United States,Central,US,60440.0
Chioggia,Veneto,Italy,South,EU,
Praia Grande,São Paulo,Brazil,South,LATAM,
Pompano Beach,Florida,United States,South,US,33068.0
Saginaw,Michigan,United States,Central,US,48601.0
Disuq,Kafr Ash Shaykh,Egypt,Africa,Africa,
Limay,Ile-de-France,France,Central,EU,
Maltepe,Istanbul,Turkey,EMEA,EMEA,
Changzhi,Shanxi,China,North Asia,APAC,
Cambridge,Waikato,New Zealand,Oceania,APAC,
Valle Hermoso,Tamaulipas,Mexico,North,LATAM,
Zaoyang,Hubei,China,North Asia,APAC,
Itapetininga,São Paulo,Brazil,South,LATAM,
Pisa,Tuscany,Italy,South,EU,
Jingdezhen,Jiangxi,China,North Asia,APAC,
Mons-en-Baroeul,Nord-Pas-de-Calais,France,Central,EU,
Saint-Laurent,Quebec,Canada,Canada,Canada,
Carpentras,Provence-Alpes-Côte d'Azur,France,Central,EU,
Chifeng,Inner Mongolia,China,North Asia,APAC,
Hapur,Uttar Pradesh,India,Central Asia,APAC,
Morogoro,Morogoro,Tanzania,Africa,Africa,
Teziutlán,Puebla,Mexico,North,LATAM,
Den Helder,North Holland,Netherlands,Central,EU,
Shimoga,Karnataka,India,Central Asia,APAC,
Annemasse,Rhône-Alpes,France,Central,EU,
Sassari,Sardinia,Italy,South,EU,
Corpus Christi,Texas,United States,Central,US,78415.0
San Nicolás de los Arroyos,Provincia de Buenos Aires,Argentina,South,LATAM,
Seraing,Liège,Belgium,Central,EU,
Hilversum,North Holland,Netherlands,Central,EU,
Zhangzhou,Fujian,China,North Asia,APAC,
Melbourne,Florida,United States,South,US,32935.0
Erzurum,Erzurum,Turkey,EMEA,EMEA,
Iquique,Tarapacá,Chile,South,LATAM,
Barcelona,Anzoátegui,Venezuela,South,LATAM,
Votuporanga,São Paulo,Brazil,South,LATAM,
Olomouc,Olomouc,Czech Republic,EMEA,EMEA,
Gusau,Zamfara,Nigeria,Africa,Africa,
Yanbu al Bahr,Al Madinah,Saudi Arabia,EMEA,EMEA,
Clovis,New Mexico,United States,West,US,88101.0
Loures,Lisboa,Portugal,South,EU,
Upplands Väsby,Stockholm,Sweden,North,EU,
Vesoul,Franche-Comté,France,Central,EU,
Bloemfontein,Free State,South Africa,Africa,Africa,
Várzea Grande,Mato Grosso,Brazil,South,LATAM,
Huixquilucan,México,Mexico,North,LATAM,
Luanshya,Copperbelt,Zambia,Africa,Africa,
Sokode,Centrale,Togo,Africa,Africa,
Liuyang,Hunan,China,North Asia,APAC,
Barddhaman,West Bengal,India,Central Asia,APAC,
Salta,Salta,Argentina,South,LATAM,
Tallaght,South Dublin,Ireland,North,EU,
Quartu Sant'Elena,Sardinia,Italy,South,EU,
New Bedford,Massachusetts,United States,East,US,2740.0
Soma,Manisa,Turkey,EMEA,EMEA,
Imola,Emilia-Romagna,Italy,South,EU,
Olivet,Centre,France,Central,EU,
Bobigny,Ile-de-France,France,Central,EU,
San Pedro,Calabarzon,Philippines,Southeast Asia,APAC,
Ilam,Ilam,Iran,EMEA,EMEA,
Red Deer,Alberta,Canada,Canada,Canada,
Biarritz,Aquitaine,France,Central,EU,
Modesto,California,United States,West,US,95351.0
Torbat-e Heydariyeh,Razavi Khorasan,Iran,EMEA,EMEA,
Stakhanov,Luhans'k,Ukraine,EMEA,EMEA,
Polatsk,Vitsyebsk,Belarus,EMEA,EMEA,
Abbeville,Picardy,France,Central,EU,
Shizuishan,Ningxia,China,North Asia,APAC,
Kumanovo,Kumanovo,Macedonia,EMEA,EMEA,
Kiziltepe,Mardin,Turkey,EMEA,EMEA,
Al Khums,Al Marqab,Libya,Africa,Africa,
Helsingborg,Skåne,Sweden,North,EU,
St. John's,Newfoundland,Canada,Canada,Canada,
El Limón,Aragua,Venezuela,South,LATAM,
Siauliai,Šiauliai,Lithuania,EMEA,EMEA,
Sobral,Ceará,Brazil,South,LATAM,
Kwangju,Gyeonggi,South Korea,North Asia,APAC,
Craiova,Dolj,Romania,EMEA,EMEA,
Baden-Baden,Baden-Württemberg,Germany,Central,EU,
Cedar Hill,Texas,United States,Central,US,75104.0
Orange,New Jersey,United States,East,US,7050.0
Bury,England,United Kingdom,North,EU,
Barasat,West Bengal,India,Central Asia,APAC,
Alanya,Antalya,Turkey,EMEA,EMEA,
Saint Paul,Minnesota,United States,Central,US,55106.0
Bitonto,Apulia,Italy,South,EU,
Fulda,Hesse,Germany,Central,EU,
Melchor Ocampo,México,Mexico,North,LATAM,
Savona,Liguria,Italy,South,EU,
Graz,Styria,Austria,EMEA,EMEA,
Borken,North Rhine-Westphalia,Germany,Central,EU,
Fiumicino,Lazio,Italy,South,EU,
Itu,São Paulo,Brazil,South,LATAM,
Ordu,Ordu,Turkey,EMEA,EMEA,
Mary,Mary,Turkmenistan,EMEA,EMEA,
Salzburg,Salzburg,Austria,EMEA,EMEA,
Hamar,Hedmark,Norway,North,EU,
La Quinta,California,United States,West,US,92253.0
Linares,Nuevo León,Mexico,North,LATAM,
Ghaziabad,Uttar Pradesh,India,Central Asia,APAC,
Shangqiu,Henan,China,North Asia,APAC,
Hickory,North Carolina,United States,South,US,28601.0
Hillsboro,Oregon,United States,West,US,97123.0
Kalisz,Greater Poland,Poland,EMEA,EMEA,
Gulfport,Mississippi,United States,South,US,39503.0
Ivano-Frankivs'k,Ivano-Frankivsk,Ukraine,EMEA,EMEA,
Laurel,Maryland,United States,East,US,20707.0
Cassilândia,Mato Grosso do Sul,Brazil,South,LATAM,
Schweinfurt,Bavaria,Germany,Central,EU,
Benoni,Gauteng,South Africa,Africa,Africa,
Kandi,Alibori,Benin,Africa,Africa,
Isparta,Isparta,Turkey,EMEA,EMEA,
Loum,Littoral,Cameroon,Africa,Africa,
Bagamoyo,Pwani,Tanzania,Africa,Africa,
Goldsboro,North Carolina,United States,South,US,27534.0
Homestead,Florida,United States,South,US,33030.0
Trujillo,La Libertad,Peru,South,LATAM,
Cabimas,Zulia,Venezuela,South,LATAM,
Koforidua,Eastern,Ghana,Africa,Africa,
New Albany,Indiana,United States,Central,US,47150.0
Bloomington,Indiana,United States,Central,US,47401.0
Mubi,Adamawa,Nigeria,Africa,Africa,
Rimini,Emilia-Romagna,Italy,South,EU,
Manacapuru,Amazonas,Brazil,South,LATAM,
Ekibastuz,Pavlodar,Kazakhstan,EMEA,EMEA,
Santa Clara,California,United States,West,US,95051.0
Vila Nova de Gaia,Porto,Portugal,South,EU,
Anyang,Henan,China,North Asia,APAC,
Harlow,England,United Kingdom,North,EU,
La Ciotat,Provence-Alpes-Côte d'Azur,France,Central,EU,
Coari,Amazonas,Brazil,South,LATAM,
Hattingen,North Rhine-Westphalia,Germany,Central,EU,
Zilina,Žilina,Slovakia,EMEA,EMEA,
Kocaeli,Kocaeli,Turkey,EMEA,EMEA,
Kukatpalli,Telangana,India,Central Asia,APAC,
Huaihua,Hunan,China,North Asia,APAC,
Arapongas,Parana,Brazil,South,LATAM,
Babol,Mazandaran,Iran,EMEA,EMEA,
Faches-Thumesnil,Nord-Pas-de-Calais,France,Central,EU,
Saint-Pierre-des-Corps,Centre,France,Central,EU,
Lo Prado,Santiago,Chile,South,LATAM,
Cox’s Bāzār,Chittagong,Bangladesh,Central Asia,APAC,
Owo,Ondo,Nigeria,Africa,Africa,
Pierrefitte-sur-Seine,Ile-de-France,France,Central,EU,
Tuscaloosa,Alabama,United States,South,US,35401.0
Santarém,Pará,Brazil,South,LATAM,
Ilesha,Osun,Nigeria,Africa,Africa,
Yuanjiang,Hunan,China,North Asia,APAC,
East Point,Georgia,United States,South,US,30344.0
Bento Gonçalves,Rio Grande do Sul,Brazil,South,LATAM,
Cottage Grove,Minnesota,United States,Central,US,55016.0
Apple Valley,Minnesota,United States,Central,US,55124.0
Atsugacho,Hokkaido,Japan,North Asia,APAC,
Longjumeau,Ile-de-France,France,Central,EU,
Eagan,Minnesota,United States,Central,US,55122.0
Itaituba,Pará,Brazil,South,LATAM,
Pitesti,Arges,Romania,EMEA,EMEA,
Kumba,Sud-Ouest,Cameroon,Africa,Africa,
Tongchuan,Sichuan,China,North Asia,APAC,
Leominster,Massachusetts,United States,East,US,1453.0
Matehuala,San Luis Potosí,Mexico,North,LATAM,
Ajman,'Ajman,United Arab Emirates,EMEA,EMEA,
Umraniye,Istanbul,Turkey,EMEA,EMEA,
Hachinohe,Aomori,Japan,North Asia,APAC,
Gillingham,England,United Kingdom,North,EU,
Waterloo,Ontario,Canada,Canada,Canada,
Guamúchil,Sinaloa,Mexico,North,LATAM,
Bechar,Bechar,Algeria,Africa,Africa,
Palhoça,Santa Catarina,Brazil,South,LATAM,
Cruzeiro do Sul,Acre,Brazil,South,LATAM,
Murfreesboro,Tennessee,United States,South,US,37130.0
Toguchin,Novosibirsk,Russia,EMEA,EMEA,
Tembisa,Gauteng,South Africa,Africa,Africa,
Denain,Nord-Pas-de-Calais,France,Central,EU,
Lodi,California,United States,West,US,95240.0
Englewood,Colorado,United States,West,US,80112.0
Baoding,Hebei,China,North Asia,APAC,
Thousand Oaks,California,United States,West,US,91360.0
Berdychiv,Zhytomyr,Ukraine,EMEA,EMEA,
Schiffweiler,Saarland,Germany,Central,EU,
Penglai,Shandong,China,North Asia,APAC,
Elda,Valenciana,Spain,South,EU,
Bideford,England,United Kingdom,North,EU,
Bayonne,New Jersey,United States,East,US,7002.0
Chaohu,Anhui,China,North Asia,APAC,
Jefferson City,Missouri,United States,Central,US,65109.0
Amagasaki,Hyogo,Japan,North Asia,APAC,
Menemen,Izmir,Turkey,EMEA,EMEA,
Focsani,Vrancea,Romania,EMEA,EMEA,
Tekirdag,Tekirdag,Turkey,EMEA,EMEA,
Kadoma,Mashonaland West,Zimbabwe,Africa,Africa,
Mason,Ohio,United States,East,US,45040.0
Piura,Piura,Peru,South,LATAM,
Paisley,Scotland,United Kingdom,North,EU,
Junín,Provincia de Buenos Aires,Argentina,South,LATAM,
Gosport,England,United Kingdom,North,EU,
Ulundi,Kwazulu-natal,South Africa,Africa,Africa,
Keren,Anseba,Eritrea,Africa,Africa,
Le Pré-Saint-Gervais,Ile-de-France,France,Central,EU,
Be'er Sheva,Southern,Israel,EMEA,EMEA,
Alkmaar,North Holland,Netherlands,Central,EU,
Bata,Litoral,Equatorial Guinea,Africa,Africa,
Urbandale,Iowa,United States,Central,US,50322.0
Gujrat,Punjab,Pakistan,Central Asia,APAC,
Stanger,Kwazulu-natal,South Africa,Africa,Africa,
Pickering,Ontario,Canada,Canada,Canada,
Aksaray,Aksaray,Turkey,EMEA,EMEA,
Amasya,Amasya,Turkey,EMEA,EMEA,
Taixing,Jiangsu,China,North Asia,APAC,
Moissy-Cramayel,Ile-de-France,France,Central,EU,
Abuja,Abuja Capital Territory,Nigeria,Africa,Africa,
Vlaardingen,South Holland,Netherlands,Central,EU,
Thomasville,North Carolina,United States,South,US,27360.0
eMbalenhle,Mpumalanga,South Africa,Africa,Africa,
Lisichansk,Luhans'k,Ukraine,EMEA,EMEA,
Silopi,Sirnak,Turkey,EMEA,EMEA,
Siirt,Siirt,Turkey,EMEA,EMEA,
Tete,Tete,Mozambique,Africa,Africa,
Mosquera,Cundinamarca,Colombia,South,LATAM,
Faenza,Emilia-Romagna,Italy,South,EU,
Ouidah,Atlantique,Benin,Africa,Africa,
Mpumalanga,Kwazulu-natal,South Africa,Africa,Africa,
Vitória de Santo Antão,Pernambuco,Brazil,South,LATAM,
Barranca,Lima,Peru,South,LATAM,
Malden,Massachusetts,United States,East,US,2148.0
Namibe,Namibe,Angola,Africa,Africa,
Marysville,Washington,United States,West,US,98270.0
Dartmouth,Nova Scotia,Canada,Canada,Canada,
Bracknell,England,United Kingdom,North,EU,
Roosendaal,North Brabant,Netherlands,Central,EU,
Vanadzor,Lori,Armenia,EMEA,EMEA,
Foligno,Umbria,Italy,South,EU,
Agde,Languedoc-Roussillon,France,Central,EU,
Vence,Provence-Alpes-Côte d'Azur,France,Central,EU,
Frederiksberg,Hovedstaden,Denmark,North,EU,
Andover,Massachusetts,United States,East,US,1810.0
Sidi Qacem,Gharb-Chrarda-Béni Hssen,Morocco,Africa,Africa,
Yiyang,Hunan,China,North Asia,APAC,
Kafr ad Dawwar,Al Buhayrah,Egypt,Africa,Africa,
Coquitlam,British Columbia,Canada,Canada,Canada,
Apucarana,Parana,Brazil,South,LATAM,
Forst,Brandenburg,Germany,Central,EU,
Makeni,Northern,Sierra Leone,Africa,Africa,
Chiclayo,Lambayeque,Peru,South,LATAM,
New Castle,Indiana,United States,Central,US,47362.0
Coral Gables,Florida,United States,South,US,33134.0
Cumbernauld,Scotland,United Kingdom,North,EU,
Mesquite,Texas,United States,Central,US,75150.0
Tuzla,Federation of Bosnia and Herzegovina,Bosnia and Herzegovina,EMEA,EMEA,
Quanzhou,Fujian,China,North Asia,APAC,
Split,Splitsko-Dalmatinska,Croatia,EMEA,EMEA,
Apartadó,Antioquia,Colombia,South,LATAM,
Nal'chik,Kabardino-Balkariya,Russia,EMEA,EMEA,
Busto Arsizio,Lombardy,Italy,South,EU,
Ipatinga,Minas Gerais,Brazil,South,LATAM,
Manresa,Catalonia,Spain,South,EU,
Ugep,Cross River,Nigeria,Africa,Africa,
Maroua,Extreme-Nord,Cameroon,Africa,Africa,
Redwood City,California,United States,West,US,94061.0
Carapicuíba,São Paulo,Brazil,South,LATAM,
Siena,Tuscany,Italy,South,EU,
Concepción del Uruguay,Entre Ríos,Argentina,South,LATAM,
Samalut,Al Minya,Egypt,Africa,Africa,
Botshabelo,Free State,South Africa,Africa,Africa,
San Carlos del Zulia,Zulia,Venezuela,South,LATAM,
Facatativá,Cundinamarca,Colombia,South,LATAM,
Sterling Heights,Michigan,United States,Central,US,48310.0
Uman',Cherkasy,Ukraine,EMEA,EMEA,
Funtua,Katsina,Nigeria,Africa,Africa,
San Clemente,California,United States,West,US,92672.0
Cluses,Rhône-Alpes,France,Central,EU,
Afragola,Campania,Italy,South,EU,
Tapachula,Chiapas,Mexico,North,LATAM,
Chalinze,Pwani,Tanzania,Africa,Africa,
Aracati,Ceará,Brazil,South,LATAM,
Weihai,Shandong,China,North Asia,APAC,
Rogers,Arkansas,United States,South,US,72756.0
Cercola,Campania,Italy,South,EU,
Stafford,England,United Kingdom,North,EU,
São Benedito,Ceará,Brazil,South,LATAM,
Itapeva,São Paulo,Brazil,South,LATAM,
Liberec,Liberec,Czech Republic,EMEA,EMEA,
Lindenhurst,New York,United States,East,US,11757.0
Silao,Guanajuato,Mexico,North,LATAM,
La Porte,Texas,United States,Central,US,77571.0
Douarnenez,Brittany,France,Central,EU,
Modena,Emilia-Romagna,Italy,South,EU,
Montebello,California,United States,West,US,90640.0
São Vicente,São Paulo,Brazil,South,LATAM,
Chalus,Mazandaran,Iran,EMEA,EMEA,
Plock,Masovia,Poland,EMEA,EMEA,
Usti nad Labem,Usti nad Labem,Czech Republic,EMEA,EMEA,
Deva,Hunedoara,Romania,EMEA,EMEA,
Mantes-la-Ville,Ile-de-France,France,Central,EU,
Melilla,Melilla,Spain,South,EU,
Suresnes,Ile-de-France,France,Central,EU,
Tulle,Limousin,France,Central,EU,
West Palm Beach,Florida,United States,South,US,33407.0
Rock Hill,South Carolina,United States,South,US,29730.0
Tinaquillo,Cojedes,Venezuela,South,LATAM,
Jinja,Jinja,Uganda,Africa,Africa,
Chuncheon,Gangwon,South Korea,North Asia,APAC,
Kasama,Northern,Zambia,Africa,Africa,
Charlottesville,Virginia,United States,South,US,22901.0
Gombe,Gombe,Nigeria,Africa,Africa,
Klaipeda,Klaipeda,Lithuania,EMEA,EMEA,
Shelton,Connecticut,United States,East,US,6484.0
Jiaohe,Jilin,China,North Asia,APAC,
Aberdeen,South Dakota,United States,Central,US,57401.0
Rohtak,Haryana,India,Central Asia,APAC,
Grapevine,Texas,United States,Central,US,76051.0
El Jadida,Doukkala-Abda,Morocco,Africa,Africa,
Bafra,Samsun,Turkey,EMEA,EMEA,
Salihli,Manisa,Turkey,EMEA,EMEA,
Campo Limpo Paulista,São Paulo,Brazil,South,LATAM,
Etawah,Uttar Pradesh,India,Central Asia,APAC,
Cidade Ocidental,Goiás,Brazil,South,LATAM,
Hagerstown,Maryland,United States,East,US,21740.0
Venlo,Limburg,Netherlands,Central,EU,
Sierra Vista,Arizona,United States,West,US,85635.0
Riom,Auvergne,France,Central,EU,
Leoben,Styria,Austria,EMEA,EMEA,
Yucaipa,California,United States,West,US,92399.0
Vereeniging,Gauteng,South Africa,Africa,Africa,
Mérida,Mérida,Venezuela,South,LATAM,
Pato Branco,Parana,Brazil,South,LATAM,
Dronfield,England,United Kingdom,North,EU,
Boca Raton,Florida,United States,South,US,33433.0
Viroflay,Ile-de-France,France,Central,EU,
Yuyao,Zhejiang,China,North Asia,APAC,
Mogi das Cruzes,São Paulo,Brazil,South,LATAM,
Riberalta,Beni,Bolivia,South,LATAM,
Benxi,Liaoning,China,North Asia,APAC,
Sonderborg,South Denmark,Denmark,North,EU,
Logan,Utah,United States,West,US,84321.0
Londrina,Parana,Brazil,South,LATAM,
Blanquefort,Aquitaine,France,Central,EU,
Ferndown,England,United Kingdom,North,EU,
Araucária,Parana,Brazil,South,LATAM,
Vigevano,Lombardy,Italy,South,EU,
Ambattur,Tamil Nadu,India,Central Asia,APAC,
Iranshahr,Sistan Va Baluchestan,Iran,EMEA,EMEA,
Lomme,Nord-Pas-de-Calais,France,Central,EU,
Owensboro,Kentucky,United States,South,US,42301.0
Berrechid,Chaouia-Ouardigha,Morocco,Africa,Africa,
Blagoveshchensk,Bashkortostan,Russia,EMEA,EMEA,
Segovia,Castile and León,Spain,South,EU,
Burlington,Iowa,United States,Central,US,52601.0
Dax,Aquitaine,France,Central,EU,
Sokoto,Sokoto,Nigeria,Africa,Africa,
Ardahan,Ardahan,Turkey,EMEA,EMEA,
Cuneo,Piedmont,Italy,South,EU,
Longview,Washington,United States,West,US,98632.0
Morón,Ciego de Ávila,Cuba,Caribbean,LATAM,
Saint-Gratien,Ile-de-France,France,Central,EU,
Aligudarz,Lorestan,Iran,EMEA,EMEA,
Pemba,Cabo Delgado,Mozambique,Africa,Africa,
Pitalito,Huila,Colombia,South,LATAM,
Guelmim,Guelmim-Es Semara,Morocco,Africa,Africa,
Gatineau,Quebec,Canada,Canada,Canada,
Cheonan,South Chungcheong,South Korea,North Asia,APAC,
Ar Raqqah,Ar Raqqah,Syria,EMEA,EMEA,
Campina Grande,Paraíba,Brazil,South,LATAM,
Zwickau,Saxony,Germany,Central,EU,
Yalova,Yalova,Turkey,EMEA,EMEA,
Pleven,Pleven,Bulgaria,EMEA,EMEA,
Akhisar,Manisa,Turkey,EMEA,EMEA,
Suceava,Suceava,Romania,EMEA,EMEA,
Abeokuta,Ogun,Nigeria,Africa,Africa,
Chapel Allerton,England,United Kingdom,North,EU,
Toliara,Atsimo-Andrefana,Madagascar,Africa,Africa,
Volksrust,Mpumalanga,South Africa,Africa,Africa,
Veenendaal,Utrecht,Netherlands,Central,EU,
Camaragibe,Pernambuco,Brazil,South,LATAM,
Yuncheng,Shanxi,China,North Asia,APAC,
Santa Fe,New Mexico,United States,West,US,87505.0
San Antonio,Valparaíso,Chile,South,LATAM,
Crotone,Calabria,Italy,South,EU,
Montigny-le-Bretonneux,Ile-de-France,France,Central,EU,
Sabanalarga,Atlántico,Colombia,South,LATAM,
Uberlândia,Minas Gerais,Brazil,South,LATAM,
Chilly-Mazarin,Ile-de-France,France,Central,EU,
Malanje,Malanje,Angola,Africa,Africa,
Langfang,Hebei,China,North Asia,APAC,
Cúa,Miranda,Venezuela,South,LATAM,
Anjo,Aichi,Japan,North Asia,APAC,
Khasavyurt,Dagestan,Russia,EMEA,EMEA,
Simões Filho,Bahia,Brazil,South,LATAM,
Lattes,Languedoc-Roussillon,France,Central,EU,
Bonao,Monseñor Nouel,Dominican Republic,Caribbean,LATAM,
Garland,Texas,United States,Central,US,75043.0
Frisco,Texas,United States,Central,US,75034.0
Antioch,California,United States,West,US,94509.0
Epworth,Harare,Zimbabwe,Africa,Africa,
Igurusi,Mbeya,Tanzania,Africa,Africa,
La Crau,Provence-Alpes-Côte d'Azur,France,Central,EU,
Parintins,Amazonas,Brazil,South,LATAM,
Toamasina,Atsinanana,Madagascar,Africa,Africa,
Peer,Limburg,Belgium,Central,EU,
Liaoyuan,Jilin,China,North Asia,APAC,
Darlington,England,United Kingdom,North,EU,
Narsingdi,Dhaka,Bangladesh,Central Asia,APAC,
Katsina,Katsina,Nigeria,Africa,Africa,
Lambaré,Central,Paraguay,South,LATAM,
West Allis,Wisconsin,United States,Central,US,53214.0
Escondido,California,United States,West,US,92025.0
Digne-les-Bains,Provence-Alpes-Côte d'Azur,France,Central,EU,
Bharatpur,Rajasthan,India,Central Asia,APAC,
Novo Cruzeiro,Minas Gerais,Brazil,South,LATAM,
Ulan Bator,Ulaanbaatar,Mongolia,North Asia,APAC,
Araraquara,São Paulo,Brazil,South,LATAM,
Boksburg,Gauteng,South Africa,Africa,Africa,
Igarassu,Pernambuco,Brazil,South,LATAM,
Los Ángeles,Biobio,Chile,South,LATAM,
Saint-Jean-de-la-Ruelle,Centre,France,Central,EU,
Kara,Kara,Togo,Africa,Africa,
Loos,Nord-Pas-de-Calais,France,Central,EU,
Danville,Illinois,United States,Central,US,61832.0
Waukesha,Wisconsin,United States,Central,US,53186.0
Rivera,Rivera,Uruguay,South,LATAM,
Bartlett,Tennessee,United States,South,US,38134.0
Birjand,South Khorasan,Iran,EMEA,EMEA,
Detmold,North Rhine-Westphalia,Germany,Central,EU,
Binzhou,Shandong,China,North Asia,APAC,
Nashua,New Hampshire,United States,East,US,3060.0
Zwedru,Grand Gedeh,Liberia,Africa,Africa,
Akhmim,Suhaj,Egypt,Africa,Africa,
Cuenca,Castile-La Mancha,Spain,South,EU,
Viransehir,Sanliurfa,Turkey,EMEA,EMEA,
Guarenas,Miranda,Venezuela,South,LATAM,
El Tigre,Anzoátegui,Venezuela,South,LATAM,
Varamin,Tehran,Iran,EMEA,EMEA,
Larache,Tanger-Tétouan,Morocco,Africa,Africa,
San Fernando del Valle de Catamarca,Catamarca,Argentina,South,LATAM,
Nysa,Opole,Poland,EMEA,EMEA,
Battipaglia,Campania,Italy,South,EU,
Andria,Apulia,Italy,South,EU,
Castellammare di Stabia,Campania,Italy,South,EU,
Cubuk,Ankara,Turkey,EMEA,EMEA,
St. Gallen,St. Gallen,Switzerland,Central,EU,
Cubatão,São Paulo,Brazil,South,LATAM,
Günzburg,Bavaria,Germany,Central,EU,
Pouso Alegre,Minas Gerais,Brazil,South,LATAM,
Bergerac,Aquitaine,France,Central,EU,
Gurupi,Tocantins,Brazil,South,LATAM,
Fontenay-le-Comte,Pays de la Loire,France,Central,EU,
Cagua,Aragua,Venezuela,South,LATAM,
Bozeman,Montana,United States,West,US,59715.0
Paita,Piura,Peru,South,LATAM,
Talara,Piura,Peru,South,LATAM,
Yangquan,Shanxi,China,North Asia,APAC,
Suizhou,Hubei,China,North Asia,APAC,
Kidderminster,England,United Kingdom,North,EU,
Mount Pleasant,Michigan,United States,Central,US,48858.0
Cape Coast,Central,Ghana,Africa,Africa,
Catalão,Goiás,Brazil,South,LATAM,
Ueda,Nagano,Japan,North Asia,APAC,
Portage,Indiana,United States,Central,US,46368.0
Afyon,Afyonkarahisar,Turkey,EMEA,EMEA,
Karaman,Karaman,Turkey,EMEA,EMEA,
Chigasaki,Kanagawa,Japan,North Asia,APAC,
Bridgeton,New Jersey,United States,East,US,8302.0
Al Hudaydah,Al Hudaydah,Yemen,EMEA,EMEA,
Krasnyy Luch,Luhans'k,Ukraine,EMEA,EMEA,
Kalush,Ivano-Frankivsk,Ukraine,EMEA,EMEA,
La Chapelle-sur-Erdre,Pays de la Loire,France,Central,EU,
Kita-ku,Hyogo,Japan,North Asia,APAC,
Medford,Oregon,United States,West,US,97504.0
Nguigmi,Diffa,Niger,Africa,Africa,
Akure,Ondo,Nigeria,Africa,Africa,
Latur,Maharashtra,India,Central Asia,APAC,
Tinley Park,Illinois,United States,Central,US,60477.0
Altoona,Pennsylvania,United States,East,US,16602.0
Dole,Franche-Comté,France,Central,EU,
Lagny-sur-Marne,Ile-de-France,France,Central,EU,
Falconara Marittima,Marche,Italy,South,EU,
Kastamonu,Kastamonu,Turkey,EMEA,EMEA,
Kilis,Kilis,Turkey,EMEA,EMEA,
Neyshabur,Razavi Khorasan,Iran,EMEA,EMEA,
Karnal,Haryana,India,Central Asia,APAC,
Resita,Caras-Severin,Romania,EMEA,EMEA,
Illkirch-Graffenstaden,Alsace,France,Central,EU,
Linhares,Espírito Santo,Brazil,South,LATAM,
Ponteareas,Galicia,Spain,South,EU,
Hebi,Henan,China,North Asia,APAC,
Gorzow Wielkopolski,Lubusz,Poland,EMEA,EMEA,
Sheboygan,Wisconsin,United States,Central,US,53081.0
Leiden,South Holland,Netherlands,Central,EU,
Usak,Usak,Turkey,EMEA,EMEA,
Calabozo,Guárico,Venezuela,South,LATAM,
Jaboticabal,São Paulo,Brazil,South,LATAM,
Huaraz,Ancash,Peru,South,LATAM,
Kakinada,Andhra Pradesh,India,Central Asia,APAC,
Bellevue,Washington,United States,West,US,98006.0
Taldyqorghan,Almaty,Kazakhstan,EMEA,EMEA,
Brantford,Ontario,Canada,Canada,Canada,
Zaozhuang,Shandong,China,North Asia,APAC,
Sinop,Mato Grosso,Brazil,South,LATAM,
Korce,Korçë,Albania,EMEA,EMEA,
Teramo,Abruzzi,Italy,South,EU,
Krugersdorp,Gauteng,South Africa,Africa,Africa,
Ambon,Maluku,Indonesia,Southeast Asia,APAC,
Danbury,Connecticut,United States,East,US,6810.0
Yopal,Casanare,Colombia,South,LATAM,
Morley,England,United Kingdom,North,EU,
Avon,Ile-de-France,France,Central,EU,
Fujisawa,Kanagawa,Japan,North Asia,APAC,
Voiron,Rhône-Alpes,France,Central,EU,
Davis,California,United States,West,US,95616.0
Necochea,Provincia de Buenos Aires,Argentina,South,LATAM,
San Cristóbal,Táchira,Venezuela,South,LATAM,
Redmond,Washington,United States,West,US,98052.0
Maxixe,Inhambane,Mozambique,Africa,Africa,
Guarapuava,Parana,Brazil,South,LATAM,
Vitória da Conquista,Bahia,Brazil,South,LATAM,
Xiantao,Hubei,China,North Asia,APAC,
Marsa Matruh,Matruh,Egypt,Africa,Africa,
Burlington,Ontario,Canada,Canada,Canada,
Ragusa,Sicily,Italy,South,EU,
Cestas,Aquitaine,France,Central,EU,
Lewiston,Maine,United States,East,US,4240.0
Renqiu,Hebei,China,North Asia,APAC,
Sète,Languedoc-Roussillon,France,Central,EU,
Tottori,Tottori,Japan,North Asia,APAC,
Semnan,Semnan,Iran,EMEA,EMEA,
Crato,Ceará,Brazil,South,LATAM,
Osijek,Osjecko-Baranjska,Croatia,EMEA,EMEA,
Rize,Rize,Turkey,EMEA,EMEA,
Altotonga,Veracruz,Mexico,North,LATAM,
Cosmópolis,São Paulo,Brazil,South,LATAM,
Greeley,Colorado,United States,West,US,80634.0
Manfredonia,Apulia,Italy,South,EU,
Massa,Tuscany,Italy,South,EU,
Randers,Central Jutland,Denmark,North,EU,
Royal Oak,Michigan,United States,Central,US,48073.0
Taraz,Zhambyl,Kazakhstan,EMEA,EMEA,
Jataí,Goiás,Brazil,South,LATAM,
Aix-les-Bains,Rhône-Alpes,France,Central,EU,
Billings,Montana,United States,West,US,59102.0
Abakaliki,Ebonyi,Nigeria,Africa,Africa,
Shahjahanpur,Uttar Pradesh,India,Central Asia,APAC,
Izúcar de Matamoros,Puebla,Mexico,North,LATAM,
Seropédica,Rio de Janeiro,Brazil,South,LATAM,
Chapel Hill,North Carolina,United States,South,US,27514.0
Rehovot,Central,Israel,EMEA,EMEA,
Montería,Córdoba,Colombia,South,LATAM,
Margate,Florida,United States,South,US,33063.0
Dublin,California,United States,West,US,94568.0
Sorgues,Provence-Alpes-Côte d'Azur,France,Central,EU,
Cizre,Sirnak,Turkey,EMEA,EMEA,
Aydin,Aydin,Turkey,EMEA,EMEA,
Kigoma,Kigoma,Tanzania,Africa,Africa,
Oss,North Brabant,Netherlands,Central,EU,
Odivelas,Lisboa,Portugal,South,EU,
Gonabad,Razavi Khorasan,Iran,EMEA,EMEA,
Calama,Antofagasta,Chile,South,LATAM,
Dar Chioukh,Djelfa,Algeria,Africa,Africa,
Cuyahoga Falls,Ohio,United States,East,US,44221.0
Missouri City,Texas,United States,Central,US,77489.0
Loveland,Colorado,United States,West,US,80538.0
Bitola,Bitola,Macedonia,EMEA,EMEA,
Levin,Manawatu-Wanganui,New Zealand,Oceania,APAC,
Edirne,Edirne,Turkey,EMEA,EMEA,
Deer Park,Texas,United States,Central,US,77536.0
North Miami,Florida,United States,South,US,33161.0
Pernik,Pernik,Bulgaria,EMEA,EMEA,
Gitarama,Southern,Rwanda,Africa,Africa,
Pensacola,Florida,United States,South,US,32503.0
Matsumoto,Nagano,Japan,North Asia,APAC,
Jastrzebie Zdroj,Silesia,Poland,EMEA,EMEA,
Franco da Rocha,São Paulo,Brazil,South,LATAM,
Lokossa,Mono,Benin,Africa,Africa,
Stadtlohn,North Rhine-Westphalia,Germany,Central,EU,
Baytown,Texas,United States,Central,US,77520.0
Binzhou,Heilongjiang,China,North Asia,APAC,
Waterloo,Iowa,United States,Central,US,50701.0
Bullhead City,Arizona,United States,West,US,86442.0
Envigado,Antioquia,Colombia,South,LATAM,
New Delhi,Delhi,India,Central Asia,APAC,
Midyat,Mardin,Turkey,EMEA,EMEA,
Mutare,Manicaland,Zimbabwe,Africa,Africa,
Port Orange,Florida,United States,South,US,32127.0
Arlington Heights,Illinois,United States,Central,US,60004.0
Obninsk,Kaluga,Russia,EMEA,EMEA,
New Brunswick,New Jersey,United States,East,US,8901.0
Kafr ash Shaykh,Kafr Ash Shaykh,Egypt,Africa,Africa,
Norfolk,Nebraska,United States,Central,US,68701.0
Zhlobin,Homyel',Belarus,EMEA,EMEA,
Iowa City,Iowa,United States,Central,US,52240.0
Grand Island,Nebraska,United States,Central,US,68801.0
Springdale,Arkansas,United States,South,US,72762.0
Keller,Texas,United States,Central,US,76248.0
Oak Park,Illinois,United States,Central,US,60302.0
Barrie,Ontario,Canada,Canada,Canada,
Sorriso,Mato Grosso,Brazil,South,LATAM,
Millau,Midi-Pyrénées,France,Central,EU,
Atlantic City,New Jersey,United States,East,US,8401.0
Al Manaqil,Gezira,Sudan,Africa,Africa,
Romeoville,Illinois,United States,Central,US,60441.0
Torremolinos,Andalusía,Spain,South,EU,
Buriticupu,Maranhão,Brazil,South,LATAM,
Fort Portal,Kabarole,Uganda,Africa,Africa,
Vanderbijlpark,Gauteng,South Africa,Africa,Africa,
Tartagal,Salta,Argentina,South,LATAM,
Layton,Utah,United States,West,US,84041.0
Elyria,Ohio,United States,East,US,44035.0
Jupiter,Florida,United States,South,US,33458.0
Everett,Washington,United States,West,US,98208.0
Osny,Ile-de-France,France,Central,EU,
Auburn,Washington,United States,West,US,98002.0
Ormond Beach,Florida,United States,South,US,32174.0
San Luis Obispo,California,United States,West,US,93405.0
Abilene,Texas,United States,Central,US,79605.0
Felahiye,Kayseri,Turkey,EMEA,EMEA,
Lewiston,Idaho,United States,West,US,83501.0
Victoria Falls,Matabeleland North,Zimbabwe,Africa,Africa,
